Date,Arrival Quantity,Retail Prices,Min Price,Max Price,Modal Price
1/1/2002,,,,,
1/2/2002,,,,,
1/3/2002,,,,,
1/4/2002,0,0,240,360,300
1/5/2002,,,,,
1/6/2002,,,,,
1/7/2002,,,,,
1/8/2002,0,0,400,500,450
1/9/2002,,,,,
1/10/2002,34,0,300,400,360
1/11/2002,0,0,350,450,400
1/12/2002,,,,,
1/13/2002,,,,,
1/14/2002,41,0,300,400,350
1/15/2002,0,0,300,400,350
1/16/2002,0,0,320,400,360
1/17/2002,0,0,280,400,340
1/18/2002,29,0,300,400,350
1/19/2002,,,,,
1/20/2002,,,,,
1/21/2002,,,,,
1/22/2002,0,0,180,200,220
1/23/2002,42,0,200,300,250
1/24/2002,,,,,
1/25/2002,0,0,200,350,275
1/26/2002,,,,,
1/27/2002,,,,,
1/28/2002,45,0,250,350,300
1/29/2002,,,,,
1/30/2002,,,,,
1/31/2002,0,0,400,500,450
2/1/2002,0,0,400,500,460
2/2/2002,,,,,
2/3/2002,,,,,
2/4/2002,0,0,400,560,480
2/5/2002,0,0,450,600,530
2/6/2002,0,0,460,600,530
2/7/2002,5,0,400,600,500
2/8/2002,,,,,
2/9/2002,,,,,
2/10/2002,,,,,
2/11/2002,32,0,466,550,505
2/12/2002,0,0,500,560,530
2/13/2002,,,,,
2/14/2002,,,,,
2/15/2002,36,0,400,560,480
2/16/2002,,,,,
2/17/2002,,,,,
2/18/2002,,,,,
2/19/2002,36,0,460,600,530
2/20/2002,40,0,500,600,550
2/21/2002,,,,,
2/22/2002,,,,,
2/23/2002,,,,,
2/24/2002,,,,,
2/25/2002,,,,,
2/26/2002,21,0,300,460,380
2/27/2002,0,0,350,500,430
2/28/2002,0,0,380,550,460
2/28/2002,,,,,
2/28/2002,,,,,
2/28/2002,,,,,
3/1/2002,0,0,375,600,487
3/2/2002,,,,,
3/3/2002,,,,,
3/4/2002,,,,,
3/5/2002,,,,,
3/6/2002,0,0,400,560,480
3/7/2002,,,,,
3/8/2002,,,,,
3/9/2002,,,,,
3/10/2002,,,,,
3/11/2002,,,,,
3/12/2002,,,,,
3/13/2002,,,,,
3/14/2002,,,,,
3/15/2002,,,,,
3/16/2002,,,,,
3/17/2002,,,,,
3/18/2002,,,,,
3/19/2002,0,0,460,550,570
3/20/2002,,,,,
3/21/2002,,,,,
3/22/2002,,,,,
3/23/2002,,,,,
3/24/2002,,,,,
3/25/2002,,,,,
3/26/2002,,,,,
3/27/2002,0,0,300,400,360
3/28/2002,,,,,
3/29/2002,,,,,
3/30/2002,,,,,
3/31/2002,,,,,
4/1/2002,,,,,
4/2/2002,,,,,
4/3/2002,0,0,200,280,240
4/4/2002,0,0,160,240,200
4/5/2002,,,,,
4/6/2002,,,,,
4/7/2002,,,,,
4/8/2002,0,0,150,260,210
4/9/2002,0,0,140,200,170
4/10/2002,,,,,
4/11/2002,0,0,160,200,180
4/12/2002,,,,,
4/13/2002,,,,,
4/14/2002,,,,,
4/15/2002,,,,,
4/16/2002,0,0,100,160,130
4/17/2002,0,0,160,200,180
4/18/2002,0,0,140,180,160
4/19/2002,0,0,125,160,140
4/20/2002,,,,,
4/21/2002,,,,,
4/22/2002,0,0,140,200,170
4/23/2002,,,,,
4/24/2002,,,,,
4/25/2002,,,,,
4/26/2002,0,0,110,160,140
4/27/2002,,,,,
4/28/2002,,,,,
4/29/2002,0,0,110,140,130
4/30/2002,0,0,120,160,140
4/30/2002,,,,,
5/1/2002,0,0,140,200,170
5/2/2002,0,0,160,200,180
5/3/2002,0,0,160,220,190
5/4/2002,0,0,160,240,200
5/5/2002,,,,,
5/6/2002,15,0,140,200,170
5/7/2002,19,0,116,206,160
5/8/2002,13,0,120,200,160
5/9/2002,,,,,
5/10/2002,20,0,120,190,160
5/11/2002,,,,,
5/12/2002,,,,,
5/13/2002,11,0,160,220,180
5/14/2002,8,0,140,200,170
5/15/2002,11,0,160,240,200
5/16/2002,8,0,200,260,230
5/17/2002,6,0,200,300,250
5/18/2002,,,,,
5/19/2002,,,,,
5/20/2002,0,0,200,300,250
5/21/2002,0,0,240,350,295
5/22/2002,0,0,250,300,300
5/23/2002,0,0,240,360,300
5/24/2002,0,0,250,350,300
5/25/2002,,,,,
5/26/2002,,,,,
5/27/2002,0,0,300,400,350
5/28/2002,0,0,250,360,310
5/29/2002,,,,,
5/30/2002,,,,,
5/31/2002,,,,,
9/1/2002,,,,,
9/2/2002,,,,,
9/3/2002,,,,,
9/4/2002,,,,,
9/5/2002,,,,,
9/6/2002,,,,,
9/7/2002,,,,,
9/8/2002,,,,,
9/9/2002,,,,,
9/10/2002,,,,,
9/11/2002,33,0,800,950,880
9/12/2002,,,,,
9/13/2002,,,,,
9/14/2002,,,,,
9/15/2002,,,,,
9/16/2002,,,,,
9/17/2002,,,,,
9/18/2002,,,,,
9/19/2002,,,,,
9/20/2002,,,,,
9/21/2002,,,,,
9/22/2002,,,,,
9/23/2002,,,,,
9/24/2002,,,,,
9/25/2002,,,,,
9/26/2002,,,,,
9/27/2002,,,,,
9/28/2002,,,,,
9/29/2002,,,,,
9/30/2002,,,,,
9/30/2002,,,,,
10/1/2002,,,,,
10/2/2002,,,,,
10/3/2002,,,,,
10/4/2002,,,,,
10/5/2002,,,,,
10/6/2002,,,,,
10/7/2002,,,,,
10/8/2002,,,,,
10/9/2002,,,,,
10/10/2002,,,,,
10/11/2002,,,,,
10/12/2002,,,,,
10/13/2002,,,,,
10/14/2002,,,,,
10/15/2002,,,,,
10/16/2002,,,,,
10/17/2002,,,,,
10/18/2002,,,,,
10/19/2002,,,,,
10/20/2002,,,,,
10/21/2002,,,,,
10/22/2002,17,0,760,900,830
10/23/2002,,,,,
10/24/2002,,,,,
10/25/2002,,,,,
10/26/2002,,,,,
10/27/2002,,,,,
10/28/2002,,,,,
10/29/2002,,,,,
10/30/2002,,,,,
10/31/2002,,,,,
11/1/2002,,,,,
11/2/2002,,,,,
11/3/2002,,,,,
11/4/2002,,,,,
11/5/2002,,,,,
11/6/2002,,,,,
11/7/2002,,,,,
11/8/2002,,,,,
11/9/2002,,,,,
11/10/2002,,,,,
11/11/2002,,,,,
11/12/2002,0,0,800,900,850
11/13/2002,0,0,700,800,750
11/14/2002,0,0,700,780,740
11/15/2002,0,0,700,760,730
11/16/2002,0,0,600,700,660
11/17/2002,,,,,
11/18/2002,0,0,400,500,460
11/19/2002,,,,,
11/20/2002,0,0,380,500,440
11/21/2002,0,0,300,460,421
11/22/2002,0,0,300,400,380
11/23/2002,0,0,320,410,370
11/24/2002,,,,,
11/25/2002,0,0,300,400,350
11/26/2002,0,0,350,450,400
11/27/2002,0,0,300,400,350
11/28/2002,0,0,300,400,360
11/29/2002,0,0,320,400,360
11/30/2002,0,0,280,400,340
11/30/2002,,,,,
12/1/2002,,,,,
12/2/2002,0,0,260,380,320
12/3/2002,0,0,300,400,350
12/4/2002,0,0,280,380,330
12/5/2002,0,0,300,400,385
12/6/2002,,,,,
12/7/2002,,,,,
12/8/2002,,,,,
12/9/2002,0,0,300,450,395
12/10/2002,25,0,300,400,350
12/11/2002,0,0,320,400,360
12/12/2002,0,0,380,380,350
12/13/2002,0,0,260,350,305
12/14/2002,0,0,200,300,260
12/15/2002,,,,,
12/16/2002,,,,,
12/17/2002,0,0,180,300,240
12/18/2002,0,0,140,200,170
12/19/2002,0,0,160,200,180
12/20/2002,0,0,140,200,170
12/21/2002,,,,,
12/22/2002,,,,,
12/23/2002,0,0,100,160,130
12/24/2002,0,0,100,140,120
12/25/2002,,,,,
12/26/2002,0,0,120,180,150
12/27/2002,,,,,
12/28/2002,0,0,125,185,155
12/29/2002,,,,,
12/30/2002,0,0,120,200,160
12/31/2002,,,,,
1/1/2003,,,,,
1/2/2003,0,0,120,200,160
1/3/2003,0,0,140,220,180
1/4/2003,0,0,120,210,165
1/5/2003,,,,,
1/6/2003,0,0,110,120,150
1/7/2003,0,0,100,180,140
1/8/2003,0,0,100,160,130
1/9/2003,0,0,110,190,150
1/10/2003,46,0,100,180,140
1/11/2003,,,,,
1/12/2003,,,,,
1/13/2003,18,0,120,220,170
1/14/2003,25,0,120,200,160
1/15/2003,0,0,200,300,260
1/16/2003,23,0,240,360,300
1/17/2003,33,0,260,380,320
1/18/2003,26,0,300,380,340
1/19/2003,,,,,
1/20/2003,,,,,
1/21/2003,41,0,200,300,250
1/22/2003,,,,,
1/23/2003,46,0,200,300,250
1/24/2003,0,0,200,280,240
1/25/2003,3,0,200,300,255
1/26/2003,,,,,
1/27/2003,0,0,180,300,240
1/28/2003,,,,,
1/29/2003,,,,,
1/30/2003,18,0,160,280,220
1/31/2003,26,0,140,260,200
2/1/2003,,,,,
2/2/2003,,,,,
2/3/2003,28,0,180,300,240
2/4/2003,34,0,180,320,250
2/5/2003,,,,,
2/6/2003,0,0,170,260,215
2/7/2003,0,0,180,290,235
2/8/2003,41,0,160,280,220
2/9/2003,,,,,
2/10/2003,36,0,160,240,210
2/11/2003,,,,,
2/12/2003,,,,,
2/13/2003,4,0,120,200,160
2/14/2003,,,,,
2/15/2003,,,,,
2/16/2003,,,,,
2/17/2003,0,0,100,180,140
2/18/2003,0,0,110,190,150
2/19/2003,,,,,
2/20/2003,0,0,110,200,160
2/21/2003,18,0,120,220,170
2/22/2003,4,0,160,280,220
2/23/2003,,,,,
2/24/2003,6,0,110,220,165
2/25/2003,8,0,120,240,180
2/26/2003,13,0,190,260,200
2/27/2003,6,0,160,260,210
2/28/2003,,,,,
2/28/2003,,,,,
2/28/2003,,,,,
2/28/2003,,,,,
3/1/2003,,,,,
3/2/2003,,,,,
3/3/2003,9,0,180,300,240
3/4/2003,2,0,160,300,280
3/5/2003,0,0,160,270,225
3/6/2003,0,0,180,300,240
3/7/2003,0,0,160,300,230
3/8/2003,,,,,
3/9/2003,,,,,
3/10/2003,11,0,180,300,240
3/11/2003,21,0,200,320,260
3/12/2003,16,0,220,360,290
3/13/2003,21,0,200,360,280
3/14/2003,,,,,
3/15/2003,19,0,220,380,300
3/16/2003,,,,,
3/17/2003,11,0,200,300,250
3/18/2003,,,,,
3/19/2003,,,,,
3/20/2003,,,,,
3/21/2003,18,0,140,260,200
3/22/2003,21,0,160,250,205
3/23/2003,,,,,
3/24/2003,,,,,
3/25/2003,4,0,160,300,230
3/26/2003,18,0,180,320,250
3/27/2003,3,0,200,360,280
3/28/2003,,,,,
3/29/2003,9,0,280,400,340
3/30/2003,,,,,
3/31/2003,0,0,200,300,250
4/1/2003,4,0,140,260,200
4/2/2003,17,0,120,230,175
4/3/2003,13,0,110,200,185
4/4/2003,16,0,120,210,165
4/5/2003,0,0,100,180,140
4/6/2003,,,,,
4/7/2003,0,0,110,170,140
4/8/2003,1,0,110,180,145
4/9/2003,,,,,
4/10/2003,0,0,180,260,220
4/11/2003,0,0,180,260,220
4/12/2003,10,0,200,300,250
4/13/2003,,,,,
4/14/2003,,,,,
4/15/2003,,,,,
4/16/2003,12,0,300,400,350
4/17/2003,0,0,300,500,400
4/18/2003,,,,,
4/19/2003,,,,,
4/20/2003,,,,,
4/21/2003,0,0,300,500,400
4/22/2003,0,0,300,400,350
4/23/2003,0,0,280,360,320
4/24/2003,9,0,250,350,300
4/25/2003,0,0,200,320,260
4/26/2003,0,0,200,300,250
4/27/2003,,,,,
4/28/2003,6,0,200,280,240
4/29/2003,0,0,250,350,300
4/30/2003,0,0,250,360,305
4/30/2003,,,,,
5/1/2003,,,,,
5/2/2003,,,,,
5/3/2003,,,,,
5/4/2003,,,,,
5/5/2003,,,,,
5/6/2003,0,0,500,600,560
5/7/2003,,,,,
5/8/2003,,,,,
5/9/2003,,,,,
5/10/2003,,,,,
5/11/2003,,,,,
5/12/2003,,,,,
5/13/2003,,,,,
5/14/2003,,,,,
5/15/2003,,,,,
5/16/2003,,,,,
5/17/2003,,,,,
5/18/2003,,,,,
5/19/2003,,,,,
5/20/2003,,,,,
5/21/2003,,,,,
5/22/2003,,,,,
5/23/2003,,,,,
5/24/2003,,,,,
5/25/2003,,,,,
5/26/2003,,,,,
5/27/2003,,,,,
5/28/2003,,,,,
5/29/2003,,,,,
5/30/2003,,,,,
5/31/2003,,,,,
11/1/2003,,,,,
11/2/2003,,,,,
11/3/2003,,,,,
11/4/2003,,,,,
11/5/2003,,,,,
11/6/2003,,,,,
11/7/2003,,,,,
11/8/2003,,,,,
11/9/2003,,,,,
11/10/2003,,,,,
11/11/2003,,,,,
11/12/2003,,,,,
11/13/2003,,,,,
11/14/2003,,,,,
11/15/2003,,,,,
11/16/2003,,,,,
11/17/2003,,,,,
11/18/2003,,,,,
11/19/2003,,,,,
11/20/2003,,,,,
11/21/2003,,,,,
11/22/2003,,,,,
11/23/2003,,,,,
11/24/2003,,,,,
11/25/2003,0,0,750,900,825
11/26/2003,,,,,
11/27/2003,0,0,750,925,840
11/28/2003,0,0,700,850,775
11/29/2003,,,,,
11/30/2003,,,,,
11/30/2003,,,,,
12/1/2003,,,,,
12/2/2003,0,0,750,800,780
12/3/2003,0,0,760,800,780
12/4/2003,0,0,700,800,750
12/5/2003,0,0,700,850,775
12/6/2003,61,0,750,900,825
12/7/2003,,,,,
12/8/2003,0,0,700,800,750
12/9/2003,104,0,650,800,725
12/10/2003,0,0,600,800,700
12/11/2003,0,0,550,750,650
12/12/2003,0,0,500,700,600
12/13/2003,0,0,400,600,500
12/14/2003,,,,,
12/15/2003,56,0,400,500,450
12/16/2003,0,0,450,560,505
12/17/2003,0,0,400,600,500
12/18/2003,0,0,360,550,455
12/19/2003,62,0,300,500,400
12/20/2003,0,0,400,550,480
12/21/2003,,,,,
12/22/2003,0,0,400,600,500
12/23/2003,0,0,450,600,525
12/24/2003,36,0,500,600,550
12/25/2003,,,,,
12/26/2003,0,0,550,600,575
12/27/2003,,,,,
12/28/2003,,,,,
12/29/2003,46,0,550,550,600
12/30/2003,0,0,600,700,650
12/31/2003,41,0,650,750,700
1/1/2004,48,0,650,760,705
1/2/2004,29,0,660,800,750
1/3/2004,57,0,700,800,750
1/4/2004,,,,,
1/5/2004,5,0,750,800,775
1/6/2004,42,0,700,800,750
1/7/2004,49,0,700,850,775
1/8/2004,3,0,650,800,725
1/9/2004,49,0,600,750,675
1/10/2004,56,0,600,700,650
1/11/2004,,,,,
1/12/2004,0,0,500,700,600
1/13/2004,33,0,450,700,580
1/14/2004,0,0,500,700,600
1/15/2004,86,0,450,700,600
1/16/2004,5,0,500,700,600
1/17/2004,7,0,450,700,575
1/18/2004,,,,,
1/19/2004,0,0,400,600,500
1/20/2004,6,0,350,550,450
1/21/2004,41,0,300,500,400
1/22/2004,0,0,200,380,290
1/23/2004,0,0,180,350,266
1/24/2004,0,0,280,450,365
1/25/2004,,,,,
1/26/2004,,,,,
1/27/2004,4,0,250,400,325
1/28/2004,,,,,
1/29/2004,4,0,300,400,350
1/30/2004,,,,,
1/31/2004,41,0,380,500,440
2/1/2004,,,,,
2/2/2004,,,,,
2/3/2004,5,0,400,550,475
2/4/2004,28,0,450,550,500
2/5/2004,8,0,500,600,550
2/6/2004,8,0,550,650,600
2/7/2004,,,,,
2/8/2004,,,,,
2/9/2004,0,0,650,750,700
2/10/2004,8,0,600,700,650
2/11/2004,0,0,550,650,600
2/12/2004,,,,,
2/13/2004,5,0,500,560,530
2/14/2004,39,0,500,550,525
2/15/2004,,,,,
2/16/2004,3,0,500,600,550
2/17/2004,38,0,500,600,500
2/18/2004,,,,,
2/19/2004,46,0,350,400,375
2/20/2004,5,0,360,400,380
2/21/2004,40,0,350,425,385
2/22/2004,,,,,
2/23/2004,61,0,250,350,300
2/24/2004,8,0,200,300,260
2/25/2004,1,0,180,300,240
2/26/2004,38,0,200,350,275
2/27/2004,,,,,
2/28/2004,,,,,
2/29/2004,,,,,
2/29/2004,,,,,
2/29/2004,,,,,
3/1/2004,26,0,250,400,320
3/2/2004,,,,,
3/3/2004,32,0,300,400,350
3/4/2004,38,0,260,350,305
3/5/2004,46,0,250,350,300
3/6/2004,,,,,
3/7/2004,,,,,
3/8/2004,0,0,300,360,330
3/9/2004,16,0,240,350,220
3/10/2004,21,0,200,300,250
3/11/2004,0,0,200,300,260
3/12/2004,0,0,180,300,240
3/13/2004,28,0,200,280,240
3/14/2004,,,,,
3/15/2004,0,0,200,300,260
3/16/2004,23,0,200,330,265
3/17/2004,28,0,200,350,275
3/18/2004,0,0,220,300,260
3/19/2004,0,0,200,280,240
3/20/2004,,,,,
3/21/2004,,,,,
3/22/2004,0,0,210,300,260
3/23/2004,0,0,180,280,230
3/24/2004,0,0,116,240,200
3/25/2004,,,,,
3/26/2004,53,0,110,240,175
3/27/2004,48,0,100,180,140
3/28/2004,,,,,
3/29/2004,,,,,
3/30/2004,,,,,
3/31/2004,,,,,
4/1/2004,8,0,100,160,130
4/2/2004,,,,,
4/3/2004,,,,,
4/4/2004,,,,,
4/5/2004,0,0,120,200,160
4/6/2004,0,0,100,180,140
4/7/2004,0,0,110,200,155
4/8/2004,,,,,
4/9/2004,,,,,
4/10/2004,0,0,140,260,200
4/11/2004,,,,,
4/12/2004,14,0,200,260,230
4/13/2004,,,,,
4/14/2004,,,,,
4/15/2004,0,0,160,250,205
4/16/2004,,,,,
4/17/2004,0,0,120,200,160
4/18/2004,,,,,
4/19/2004,,,,,
4/20/2004,,,,,
4/21/2004,0,0,100,160,130
4/22/2004,18,0,100,140,120
4/23/2004,24,0,80,120,100
4/24/2004,0,0,80,110,95
4/25/2004,,,,,
4/26/2004,16,0,106,140,120
4/27/2004,,,,,
4/28/2004,0,0,100,110,105
4/29/2004,18,0,100,130,115
4/30/2004,11,0,100,140,120
4/30/2004,,,,,
5/1/2004,12,0,110,140,125
5/2/2004,,,,,
5/3/2004,,,,,
5/4/2004,,,,,
5/5/2004,,,,,
5/6/2004,0,0,120,180,150
5/7/2004,12,0,140,200,170
5/8/2004,0,0,150,200,175
5/9/2004,,,,,
5/10/2004,,,,,
5/11/2004,0,0,140,180,160
5/12/2004,10,0,140,200,170
5/13/2004,0,0,160,220,190
5/14/2004,10,0,180,240,210
5/15/2004,8,0,180,260,220
5/16/2004,,,,,
5/17/2004,,,,,
5/18/2004,,,,,
5/19/2004,,,,,
5/20/2004,,,,,
5/21/2004,,,,,
5/22/2004,,,,,
5/23/2004,,,,,
5/24/2004,,,,,
5/25/2004,11,0,200,300,250
5/26/2004,0,0,220,300,260
5/27/2004,11,0,300,350,330
5/28/2004,,,,,
5/29/2004,,,,,
5/30/2004,,,,,
5/31/2004,,,,,
12/1/2004,,,,,
12/2/2004,,,,,
12/3/2004,,,,,
12/4/2004,,,,,
12/5/2004,,,,,
12/6/2004,,,,,
12/7/2004,0,0,650,800,725
12/8/2004,,,,,
12/9/2004,,,,,
12/10/2004,,,,,
12/11/2004,,,,,
12/12/2004,,,,,
12/13/2004,77,0,500,600,550
12/14/2004,17,0,400,600,500
12/15/2004,18,0,400,500,450
12/16/2004,,,,,
12/17/2004,0,0,350,500,425
12/18/2004,0,0,300,500,400
12/19/2004,,,,,
12/20/2004,,,,,
12/21/2004,14,0,360,600,480
12/22/2004,0,0,400,600,500
12/23/2004,23,0,400,500,450
12/24/2004,20,0,400,460,430
12/25/2004,,,,,
12/26/2004,,,,,
12/27/2004,17,0,350,450,400
12/28/2004,0,0,360,400,380
12/29/2004,35,0,300,400,350
12/30/2004,20,0,400,500,450
12/31/2004,19,0,400,550,475
1/1/2005,27,0,400,500,450
1/2/2005,,,,,
1/3/2005,36,0,450,550,500
1/4/2005,0,0,450,600,525
1/5/2005,,,,,
1/6/2005,,,,,
1/7/2005,,,,,
1/8/2005,,,,,
1/9/2005,,,,,
1/10/2005,1,0,400,560,480
1/11/2005,,,,,
1/12/2005,38,0,400,500,460
1/13/2005,25,0,440,550,495
1/14/2005,34,0,400,500,450
1/15/2005,0,0,360,500,430
1/16/2005,,,,,
1/17/2005,52,0,400,650,550
1/18/2005,38,0,400,500,450
1/19/2005,16,0,450,550,500
1/20/2005,2,0,450,550,500
1/21/2005,,,,,
1/22/2005,0,0,400,600,500
1/23/2005,,,,,
1/24/2005,22,0,400,600,500
1/25/2005,0,0,360,550,455
1/26/2005,,,,,
1/27/2005,0,0,300,500,400
1/28/2005,27,0,300,460,380
1/29/2005,,,,,
1/30/2005,,,,,
1/31/2005,,,,,
2/1/2005,,,,,
2/2/2005,,,,,
2/3/2005,,,,,
2/4/2005,,,,,
2/5/2005,,,,,
2/6/2005,,,,,
2/7/2005,38,0,550,700,625
2/8/2005,,,,,
2/9/2005,,,,,
2/10/2005,51,0,500,650,575
2/11/2005,,,,,
2/12/2005,61,0,500,650,575
2/13/2005,,,,,
2/14/2005,46,0,550,700,625
2/15/2005,27,0,500,700,600
2/16/2005,26,0,500,650,575
2/17/2005,27,0,450,600,525
2/18/2005,,,,,
2/19/2005,38,0,400,500,450
2/20/2005,,,,,
2/21/2005,,,,,
2/22/2005,19,0,450,550,500
2/23/2005,17,0,400,500,450
2/24/2005,,,,,
2/25/2005,,,,,
2/26/2005,22,0,300,500,400
2/27/2005,,,,,
2/28/2005,,,,,
2/28/2005,,,,,
2/28/2005,,,,,
2/28/2005,,,,,
3/1/2005,,,,,
3/2/2005,,,,,
3/3/2005,23,0,500,600,550
3/4/2005,,,,,
3/5/2005,24,0,550,700,625
3/6/2005,13,0,500,700,600
3/7/2005,,,,,
3/8/2005,,,,,
3/9/2005,,,,,
3/10/2005,,,,,
3/11/2005,,,,,
3/12/2005,,,,,
3/13/2005,,,,,
3/14/2005,,,,,
3/15/2005,,,,,
3/16/2005,12,0,500,600,550
3/17/2005,14,0,500,600,550
3/18/2005,12,0,450,550,500
3/19/2005,,,,,
3/20/2005,,,,,
3/21/2005,,,,,
3/22/2005,,,,,
3/23/2005,,,,,
3/24/2005,19,0,400,500,475
3/25/2005,,,,,
3/26/2005,,,,,
3/27/2005,,,,,
3/28/2005,,,,,
3/29/2005,,,,,
3/30/2005,16,0,350,500,425
3/31/2005,23,0,300,500,400
3/1/2006,,,,,
3/2/2006,,,,,
3/3/2006,23,0,500,600,550
3/4/2006,,,,,
3/5/2006,24,0,550,700,625
3/6/2006,13,0,500,700,600
3/7/2006,,,,,
3/8/2006,,,,,
3/9/2006,,,,,
3/10/2006,,,,,
3/11/2006,,,,,
3/12/2006,,,,,
3/13/2006,,,,,
3/14/2006,,,,,
3/15/2006,,,,,
3/16/2006,12,0,500,600,550
3/17/2006,14,0,500,600,550
3/18/2006,12,0,450,550,500
3/19/2006,,,,,
3/20/2006,,,,,
3/21/2006,,,,,
3/22/2006,,,,,
3/23/2006,,,,,
3/24/2006,19,0,400,500,475
3/25/2006,,,,,
3/26/2006,,,,,
3/27/2006,,,,,
3/28/2006,,,,,
3/29/2006,,,,,
3/30/2006,16,0,350,500,425
3/31/2006,23,0,300,500,400
3/1/2007,,,,,
3/2/2007,,,,,
3/3/2007,23,0,500,600,550
3/4/2007,,,,,
3/5/2007,24,0,550,700,625
3/6/2007,13,0,500,700,600
3/7/2007,,,,,
3/8/2007,,,,,
3/9/2007,,,,,
3/10/2007,,,,,
3/11/2007,,,,,
3/12/2007,,,,,
3/13/2007,,,,,
3/14/2007,,,,,
3/15/2007,,,,,
3/16/2007,12,0,500,600,550
3/17/2007,14,0,500,600,550
3/18/2007,12,0,450,550,500
3/19/2007,,,,,
3/20/2007,,,,,
3/21/2007,,,,,
3/22/2007,,,,,
3/23/2007,,,,,
3/24/2007,19,0,400,500,475
3/25/2007,,,,,
3/26/2007,,,,,
3/27/2007,,,,,
3/28/2007,,,,,
3/29/2007,,,,,
3/30/2007,16,0,350,500,425
3/31/2007,23,0,300,500,400
1/1/2008,35,800,400,600,500
1/2/2008,32,850,450,650,550
1/3/2008,30,900,475,700,587
1/4/2008,34,1000,500,725,612
1/5/2008,36,900,500,700,600
1/6/2008,,,,,
1/7/2008,40,800,450,650,550
1/8/2008,45,800,425,650,537
1/9/2008,42,800,450,600,525
1/10/2008,45,800,425,600,512
1/11/2008,50,800,450,650,550
1/12/2008,53,800,500,600,550
1/13/2008,,,,,
1/14/2008,53,800,500,600,550
1/15/2008,56,800,475,600,537
1/16/2008,52,900,400,650,525
1/17/2008,48,900,450,680,565
1/18/2008,50,800,400,650,525
1/19/2008,48,900,450,680,565
1/20/2008,,,,,
1/21/2008,50,800,400,650,525
1/22/2008,60,700,400,500,450
1/23/2008,50,800,450,550,500
1/24/2008,50,700,400,600,500
1/25/2008,45,800,450,650,550
1/26/2008,,,,,
1/27/2008,,,,,
1/28/2008,40,900,550,700,625
1/29/2008,43,1000,600,725,662
1/30/2008,38,1100,700,800,750
1/31/2008,40,1000,675,750,712
2/1/2008,32,800,500,650,575
2/2/2008,30,1000,600,800,700
2/3/2008,,,,,
2/4/2008,28,1200,650,900,775
2/5/2008,34,1300,625,1000,812
2/6/2008,32,1400,650,1050,850
2/7/2008,36,1400,700,1050,875
2/8/2008,39,1500,750,1000,875
2/9/2008,40,1500,850,1050,950
2/10/2008,,,,,
2/11/2008,37,1500,875,1050,962
2/12/2008,39,1600,800,1000,900
2/13/2008,35,1600,850,1075,962
2/14/2008,40,1500,800,1000,900
2/15/2008,45,1400,775,1000,887
2/16/2008,38,1600,800,1150,975
2/17/2008,,,,,
2/18/2008,40,1500,850,1125,987
2/19/2008,43,1500,750,1125,937
2/20/2008,40,1600,875,1150,1012
2/21/2008,45,1500,800,1000,900
2/22/2008,46,1400,800,975,887
2/23/2008,50,1400,750,900,825
2/24/2008,,,,,
2/25/2008,45,1500,775,925,850
2/26/2008,40,1600,800,1000,900
2/27/2008,36,1600,825,1075,950
2/28/2008,42,1300,700,900,800
2/29/2008,30,1200,750,900,825
2/29/2008,,,,,
2/29/2008,,,,,
3/1/2008,40,1300,975,875,775
3/2/2008,,,,,
3/3/2008,,,,,
3/4/2008,40,800,400,600,500
3/5/2008,37,1100,750,875,787
3/6/2008,,,,,
3/7/2008,45,1000,500,750,625
3/8/2008,42,1200,550,750,650
3/9/2008,,,,,
3/10/2008,45,1100,500,725,612
3/11/2008,48,1000,500,650,575
3/12/2008,40,1000,575,700,637
3/13/2008,32,1100,625,700,662
3/14/2008,38,1000,500,575,537
3/15/2008,40,1000,500,550,525
3/16/2008,,,,,
3/17/2008,38,900,500,600,550
3/18/2008,35,1000,520,600,560
3/19/2008,40,1000,450,550,500
3/20/2008,42,1000,400,550,475
3/21/2008,,,,,
3/22/2008,,,,,
3/23/2008,,,,,
3/24/2008,,,,,
3/25/2008,35,900,425,500,462
3/26/2008,,,,,
3/27/2008,,,,,
3/28/2008,,,,,
3/29/2008,,,,,
3/30/2008,,,,,
3/31/2008,,,,,
12/1/2008,,,,,
12/2/2008,,,,,
12/3/2008,,,,,
12/4/2008,,,,,
12/5/2008,,,,,
12/6/2008,46,1600,1200,1400,1300
12/7/2008,,,,,
12/8/2008,50,1600,1150,1350,1250
12/9/2008,,,,,
12/10/2008,,,,,
12/11/2008,,,,,
12/12/2008,,,,,
12/13/2008,,,,,
12/14/2008,,,,,
12/15/2008,,,,,
12/16/2008,,,,,
12/17/2008,,,,,
12/18/2008,,,,,
12/19/2008,,,,,
12/20/2008,,,,,
12/21/2008,,,,,
12/22/2008,,,,,
12/23/2008,,,,,
12/24/2008,,,,,
12/25/2008,,,,,
12/26/2008,,,,,
12/27/2008,,,,,
12/28/2008,,,,,
12/29/2008,,,,,
12/30/2008,,,,,
12/31/2008,,,,,
1/1/2009,59,1000,600,800,700
1/2/2009,612,1000,600,750,675
1/3/2009,50,1200,750,900,825
1/4/2009,,,,,
1/5/2009,48,1200,800,925,862
1/6/2009,45,1400,800,1000,900
1/7/2009,40,1400,850,1000,925
1/8/2009,,,,,
1/9/2009,37,1400,900,1050,975
1/10/2009,42,1400,800,1000,900
1/11/2009,,,,,
1/12/2009,50,1200,750,850,800
1/13/2009,600,1000,700,800,750
1/14/2009,,,,,
1/15/2009,65,1000,540,725,632
1/16/2009,70,1000,600,675,637
1/17/2009,75,1000,550,650,600
1/18/2009,,,,,
1/19/2009,80,1000,500,600,550
1/20/2009,82,1000,480,570,525
1/21/2009,85,1000,450,560,505
1/22/2009,72,1000,480,600,540
1/23/2009,75,1000,450,550,500
1/24/2009,65,800,500,580,540
1/25/2009,,,,,
1/26/2009,,,,,
1/27/2009,70,800,480,550,515
1/28/2009,63,800,400,500,450
1/29/2009,68,800,350,450,400
1/30/2009,60,800,350,475,412
1/31/2009,56,800,365,450,407
2/1/2009,,,,,
2/2/2009,56,800,400,600,500
2/3/2009,52,800,450,550,500
2/4/2009,60,800,400,500,450
2/5/2009,68,700,350,450,400
2/6/2009,56,800,380,460,420
2/7/2009,60,800,360,450,405
2/8/2009,,,,,
2/9/2009,68,700,300,400,350
2/10/2009,,,,,
2/11/2009,80,700,300,380,340
2/12/2009,73,700,320,400,360
2/13/2009,,,,,
2/14/2009,85,600,300,375,337
2/15/2009,,,,,
2/16/2009,92,600,280,350,315
2/17/2009,100,600,250,350,300
2/18/2009,110,600,200,320,260
2/19/2009,123,500,200,300,250
2/20/2009,118,600,220,300,260
2/21/2009,109,600,200,300,250
2/22/2009,,,,,
2/23/2009,95,600,225,315,270
2/24/2009,100,600,220,300,260
2/25/2009,112,600,200,300,250
2/26/2009,95,600,185,300,242
2/27/2009,100,600,180,320,250
2/28/2009,,,,,
2/28/2009,,,,,
2/28/2009,,,,,
2/28/2009,,,,,
3/1/2009,,,,,
3/2/2009,72,600,200,300,250
3/3/2009,65,700,250,325,287
3/4/2009,60,700,240,350,295
3/5/2009,52,700,300,400,350
3/6/2009,58,800,285,400,342
3/7/2009,60,800,300,400,350
3/8/2009,,,,,
3/9/2009,57,800,285,420,352
3/10/2009,,,,,
3/11/2009,,,,,
3/12/2009,40,800,3000,400,350
3/13/2009,38,1000,350,450,400
3/14/2009,45,1000,380,465,422
3/15/2009,,,,,
3/16/2009,37,1000,400,500,450
3/17/2009,40,1000,450,550,500
3/18/2009,38,1000,480,600,540
3/19/2009,35,1000,500,600,550
3/20/2009,40,1000,500,580,540
3/21/2009,50,1000,475,575,525
3/22/2009,,,,,
3/23/2009,48,1200,500,600,550
3/24/2009,52,1000,450,550,500
3/25/2009,60,900,400,500,450
3/26/2009,58,1000,425,550,487
3/27/2009,50,1000,450,575,512
3/28/2009,80,600,300,380,340
3/29/2009,,,,,
3/30/2009,100,600,240,300,270
3/31/2009,87,700,265,330,297
4/1/2009,,,,,
4/2/2009,,,,,
4/3/2009,,,,,
4/4/2009,,,,,
4/5/2009,,,,,
4/6/2009,,,,,
4/7/2009,,,,,
4/8/2009,,,,,
4/9/2009,,,,,
4/10/2009,,,,,
4/11/2009,,,,,
4/12/2009,,,,,
4/13/2009,100,600,170,240,205
4/14/2009,,,,,
4/15/2009,,,,,
4/16/2009,,,,,
4/17/2009,,,,,
4/18/2009,,,,,
4/19/2009,,,,,
4/20/2009,,,,,
4/21/2009,60,700,260,320,290
4/22/2009,,,,,
4/23/2009,,,,,
4/24/2009,,,,,
4/25/2009,,,,,
4/26/2009,,,,,
4/27/2009,60,600,280,350,315
4/28/2009,50,800,300,400,350
4/29/2009,56,800,320,380,300
4/30/2009,,,,,
4/30/2009,,,,,
5/1/2009,56,700,300,400,350
5/2/2009,50,700,280,400,340
5/3/2009,,,,,
5/4/2009,46,800,350,550,450
5/5/2009,40,900,400,600,500
5/6/2009,50,800,380,500,440
5/7/2009,54,800,400,500,450
5/8/2009,60,800,375,475,425
5/9/2009,,,,,
5/10/2009,,,,,
5/11/2009,56,1000,350,500,425
5/12/2009,70,800,300,500,400
5/13/2009,80,800,300,400,350
5/14/2009,,,,,
5/15/2009,,,,,
5/16/2009,58,1000,400,600,500
5/17/2009,,,,,
5/18/2009,,,,,
5/19/2009,,,,,
5/20/2009,,,,,
5/21/2009,,,,,
5/22/2009,52,700,250,330,290
5/23/2009,,,,,
5/24/2009,,,,,
5/25/2009,,,,,
5/26/2009,,,,,
5/27/2009,,,,,
5/28/2009,,,,,
5/29/2009,,,,,
5/30/2009,,,,,
5/31/2009,,,,,
11/1/2009,,,,,
11/2/2009,,,,,
11/3/2009,,,,,
11/4/2009,,,,,
11/5/2009,,,,,
11/6/2009,,,,,
11/7/2009,,,,,
11/8/2009,,,,,
11/9/2009,,,,,
11/10/2009,,,,,
11/11/2009,,,,,
11/12/2009,,,,,
11/13/2009,,,,,
11/14/2009,,,,,
11/15/2009,,,,,
11/16/2009,,,,,
11/17/2009,,,,,
11/18/2009,,,,,
11/19/2009,,,,,
11/20/2009,,,,,
11/21/2009,,,,,
11/22/2009,,,,,
11/23/2009,,,,,
11/24/2009,,,,,
11/25/2009,50,3000,1675,1875,1775
11/26/2009,40,3400,1700,1900,1800
11/27/2009,43,3200,1650,1925,1787
11/28/2009,,,,,
11/29/2009,,,,,
11/30/2009,50,3000,1600,1875,1737
11/30/2009,,,,,
12/1/2009,45,2800,1500,2000,1750
12/2/2009,40,2800,1550,2050,1800
12/3/2009,46,2600,1600,2000,1800
12/4/2009,42,2400,1700,2000,1850
12/5/2009,45,2200,1650,1925,1787
12/6/2009,,,,,
12/7/2009,70,1400,1000,1150,1075
12/8/2009,68,1400,975,1125,1050
12/9/2009,72,1300,850,950,900
12/10/2009,75,1300,800,900,850
12/11/2009,67,1300,750,900,825
12/12/2009,72,1400,725,850,787
12/13/2009,,,,,
12/14/2009,80,1400,700,800,750
12/15/2009,70,1400,750,900,825
12/16/2009,67,1400,700,900,800
12/17/2009,62,1200,700,800,750
12/18/2009,50,1200,650,700,765
12/19/2009,58,1000,550,650,600
12/20/2009,,,,,
12/21/2009,60,1000,500,600,550
12/22/2009,52,1000,540,625,582
12/23/2009,50,1000,550,650,600
12/24/2009,45,1000,565,675,620
12/25/2009,,,,,
12/26/2009,50,1000,580,700,640
12/27/2009,,,,,
12/28/2009,,,,,
12/29/2009,42,1000,600,700,650
12/30/2009,40,1000,650,800,725
12/31/2009,38,1400,800,100,900
1/1/2010,32,1600,1000,1200,1100
1/2/2010,38,1400,925,1125,1025
1/3/2010,,,,,
1/4/2010,34,1600,1000,1200,1100
1/5/2010,40,1600,800,1050,925
1/6/2010,37,1600,850,1075,962
1/7/2010,40,1600,800,1000,900
1/8/2010,50,1400,700,950,825
1/9/2010,68,1200,650,850,750
1/10/2010,,,,,
1/11/2010,46,1600,800,1000,900
1/12/2010,40,1600,850,1150,1000
1/13/2010,,,,,
1/14/2010,39,1600,950,1100,1012
1/15/2010,35,1800,1100,1400,1250
1/16/2010,30,1800,1400,1600,1500
1/17/2010,,,,,
1/18/2010,36,1900,1350,1550,1450
1/19/2010,35,1800,1300,1500,1400
1/20/2010,35,1800,1100,1400,1250
1/21/2010,35,1800,1350,1500,1425
1/22/2010,36,1900,1350,1550,1450
1/23/2010,30,1800,1400,1600,1500
1/24/2010,,,,,
1/25/2010,36,1900,1300,1500,1400
1/26/2010,,,,,
1/27/2010,32,2000,1350,1550,1450
1/28/2010,30,2000,1400,1600,1500
1/29/2010,38,1800,1200,1400,1300
1/30/2010,35,2000,1350,1550,1450
1/31/2010,,,,,
3/1/2010,,,,,
3/2/2010,,,,,
3/3/2010,,,,,
3/4/2010,,,,,
3/5/2010,64,1200,700,900,800
3/6/2010,70,1200,725,875,800
3/7/2010,,,,,
3/8/2010,85,1200,600,800,700
3/9/2010,92,1000,500,700,600
3/10/2010,,,,,
3/11/2010,,,,,
3/12/2010,,,,,
3/13/2010,65,1000,550,700,625
3/14/2010,,,,,
3/15/2010,50,1300,750,950,850
3/16/2010,40,1400,800,1000,900
3/17/2010,42,1400,850,1000,925
3/18/2010,40,1400,900,1050,975
3/19/2010,42,1400,850,1000,925
3/20/2010,40,1400,900,1050,975
3/21/2010,,,,,
3/22/2010,38,1500,1050,1175,1112
3/23/2010,35,1600,1050,1200,1125
3/24/2010,,,,,
3/25/2010,40,1600,1000,1200,1100
3/26/2010,38,1600,1050,1250,1150
3/27/2010,42,1600,1075,1225,1150
3/28/2010,,,,,
3/29/2010,40,1600,1100,1250,1175
3/30/2010,38,1600,1100,1300,1200
3/31/2010,42,1600,1050,1250,1150
4/1/2010,38,1400,1000,1200,1100
4/2/2010,,,,,
4/3/2010,40,1400,950,1100,1025
4/4/2010,,,,,
4/5/2010,42,1400,950,1150,1050
4/6/2010,38,1600,900,1150,1025
4/7/2010,35,1600,1000,1100,1050
4/8/2010,37,1600,975,1125,1050
4/9/2010,35,1600,1000,1200,1100
4/10/2010,40,1400,800,1000,900
4/11/2010,,,,,
4/12/2010,43,1400,850,1050,950
4/13/2010,56,1000,700,800,750
4/14/2010,,,,,
4/15/2010,70,1000,650,750,700
4/16/2010,82,1000,600,700,650
4/17/2010,70,1000,650,750,700
4/18/2010,,,,,
4/19/2010,56,1000,700,800,750
4/20/2010,82,1000,625,700,662
4/21/2010,40,1400,800,1000,900
4/22/2010,82,1000,600,700,650
4/23/2010,85,1000,400,600,500
4/24/2010,96,1000,350,600,475
4/25/2010,,,,,
4/26/2010,82,1000,375,650,512
4/27/2010,90,1000,425,675,550
4/28/2010,85,1000,500,700,600
4/29/2010,92,1000,500,680,590
4/30/2010,90,1000,520,700,610
4/30/2010,,,,,
5/1/2010,70,1000,500,700,600
5/2/2010,,,,,
5/3/2010,80,1000,580,800,690
5/4/2010,76,1000,625,765,695
5/5/2010,72,1000,650,775,712
5/6/2010,80,1000,600,800,700
5/7/2010,75,1200,625,825,725
5/8/2010,68,1200,650,850,750
5/9/2010,,,,,
5/10/2010,70,1200,600,800,700
5/11/2010,60,1200,675,845,760
5/12/2010,62,1200,700,850,775
5/13/2010,54,1200,750,900,825
5/14/2010,50,1200,800,900,850
5/15/2010,52,1200,650,850,648
5/16/2010,,,,,
5/17/2010,45,1200,600,800,700
5/18/2010,35,1200,600,900,750
5/19/2010,62,1200,700,850,775
5/20/2010,60,1200,675,845,760
5/21/2010,54,1200,750,900,825
5/22/2010,70,1200,600,800,700
5/23/2010,,,,,
5/24/2010,62,1200,700,900,800
5/25/2010,58,1400,800,925,862
5/26/2010,54,1400,750,900,825
5/27/2010,,,,,
5/28/2010,50,1600,950,1150,1050
5/29/2010,40,1600,800,1000,900
5/30/2010,,,,,
5/31/2010,58,1400,800,925,862
12/1/2010,60,1300,700,800,750
12/2/2010,50,1400,750,850,800
12/3/2010,56,1400,720,800,760
12/4/2010,48,1400,800,875,837
12/5/2010,,,,,
12/6/2010,50,1400,750,850,800
12/7/2010,56,1400,720,800,760
12/8/2010,48,1500,1000,1200,1100
12/9/2010,42,1500,1150,1250,1200
12/10/2010,35,1800,1200,1400,1300
12/11/2010,37,1800,1250,1425,1337
12/12/2010,,,,,
12/13/2010,40,1800,1200,1400,1300
12/14/2010,42,1800,1225,1400,1312
12/15/2010,45,1800,1200,1375,1287
12/16/2010,56,1400,800,1000,900
12/17/2010,,,,,
12/18/2010,54,1400,850,1000,925
12/19/2010,,,,,
12/20/2010,50,1600,1000,1150,1075
12/21/2010,39,2200,1400,1650,1525
12/22/2010,35,2400,1600,1800,1700
12/23/2010,38,2400,1675,1900,1787
12/24/2010,40,2200,1350,1650,1500
12/25/2010,,,,,
12/26/2010,,,,,
12/27/2010,35,3000,2000,2475,2237
12/28/2010,42,3000,1800,2200,2000
12/29/2010,50,2800,1700,2000,1850
12/30/2010,40,2800,1850,2150,2000
12/31/2010,36,2800,1900,2200,2050
2/1/2011,60,1200,550,750,650
2/2/2011,68,1000,500,725,612
2/3/2011,70,900,500,700,600
2/4/2011,60,1200,550,750,650
2/5/2011,69,1000,500,725,612
2/6/2011,,,,,
2/7/2011,68,1000,500,750,625
2/8/2011,60,1200,500,725,612
2/9/2011,65,1000,500,700,600
2/10/2011,52,1200,700,900,800
2/11/2011,48,1200,740,900,820
2/12/2011,40,1200,725,950,837
2/13/2011,,,,,
2/14/2011,45,1200,750,937,843
2/15/2011,50,1100,700,900,800
2/16/2011,,,,,
2/17/2011,62,1100,725,925,825
2/18/2011,58,1200,700,900,800
2/19/2011,60,1200,740,900,820
2/20/2011,,,,,
2/21/2011,54,1200,700,900,800
2/22/2011,50,1200,750,950,850
2/23/2011,55,1100,650,800,725
2/24/2011,48,1200,700,875,787
2/25/2011,50,1000,620,800,710
2/26/2011,40,1200,650,850,750
2/27/2011,,,,,
2/28/2011,35,1200,700,900,800
2/28/2011,,,,,
2/28/2011,,,,,
2/28/2011,,,,,
3/1/2011,32,1400,900,1000,950
3/2/2011,,,,,
3/3/2011,36,1400,800,1000,900
3/4/2011,30,1400,850,1050,950
3/5/2011,35,1400,1000,1200,1100
3/6/2011,,,,,
3/7/2011,42,1200,800,1000,900
3/8/2011,40,1300,850,1000,925
3/9/2011,46,1200,800,950,875
3/10/2011,45,1400,800,1000,900
3/11/2011,48,1300,850,1000,925
3/12/2011,50,1400,900,980,940
3/13/2011,,,,,
3/14/2011,47,1400,840,950,895
3/15/2011,52,1400,800,900,850
3/16/2011,48,1400,850,950,900
3/17/2011,50,1300,800,900,850
3/18/2011,45,1500,900,1000,950
3/19/2011,56,1500,900,1050,975
3/20/2011,,,,,
3/21/2011,30,1800,1200,1400,1300
3/22/2011,18,2200,1500,1800,1650
3/23/2011,25,2000,1450,1750,1600
3/24/2011,40,1600,1000,1200,1100
3/25/2011,32,2000,1000,1600,1300
3/26/2011,35,2000,1150,1500,1325
3/27/2011,,,,,
3/28/2011,43,2000,1200,1400,1300
3/29/2011,43,2000,1200,1375,1287
3/30/2011,30,2000,1200,1400,1300
3/31/2011,38,1600,1000,1200,1100
4/1/2011,32,1800,1050,1250,1150
4/2/2011,36,1600,1000,1100,1050
4/3/2011,,,,,
4/4/2011,48,1500,950,1050,1000
4/5/2011,50,1600,900,1000,950
4/6/2011,52,1500,800,1000,900
4/7/2011,45,1500,750,1000,875
4/8/2011,58,1500,700,950,825
4/9/2011,62,1400,700,800,750
4/10/2011,,,,,
4/11/2011,70,1200,600,750,675
4/12/2011,,,,,
4/13/2011,68,1200,600,700,650
4/14/2011,,,,,
4/15/2011,75,1000,350,500,425
4/16/2011,,,,,
4/17/2011,,,,,
4/18/2011,84,800,300,360,330
4/19/2011,70,800,320,380,350
4/20/2011,62,800,340,400,370
4/21/2011,65,800,380,500,440
4/22/2011,,,,,
4/23/2011,58,1000,450,540,495
4/24/2011,,,,,
4/25/2011,60,1000,400,500,450
4/26/2011,52,1000,420,500,460
4/27/2011,56,1000,400,480,440
4/28/2011,48,1000,400,500,450
4/29/2011,45,1000,420,500,460
4/30/2011,40,1000,450,550,500
4/30/2011,,,,,
5/1/2011,,,,,
5/2/2011,46,1000,450,600,525
5/3/2011,52,1000,450,550,500
5/4/2011,60,1000,400,600,500
5/5/2011,58,1000,450,625,537
5/6/2011,,,,,
5/7/2011,,,,,
5/8/2011,,,,,
5/9/2011,,,,,
5/10/2011,,,,,
5/11/2011,70,800,350,500,425
5/12/2011,80,800,300,500,400
5/13/2011,68,800,350,520,435
5/14/2011,70,800,320,500,410
5/15/2011,,,,,
5/16/2011,65,800,300,500,400
5/17/2011,,,,,
5/18/2011,80,800,300,500,400
5/19/2011,73,700,300,450,375
5/20/2011,68,700,325,475,400
5/21/2011,70,800,400,500,450
5/22/2011,,,,,
5/23/2011,62,900,450,550,500
5/24/2011,74,800,300,500,400
5/25/2011,80,700,300,450,375
5/26/2011,72,800,350,450,400
5/27/2011,85,800,300,400,350
5/28/2011,76,800,340,400,370
5/29/2011,,,,,
5/30/2011,,,,,
5/31/2011,60,1000,600,800,700
12/1/2011,50,1500,950,1125,1037
12/2/2011,48,1600,975,1125,1050
12/3/2011,53,1600,950,1050,1000
12/4/2011,,,,,
12/5/2011,60,1600,925,1075,1000
12/6/2011,,,,,
12/7/2011,65,1600,800,1000,900
12/8/2011,50,1500,950,1125,1037
12/9/2011,56,1400,900,1050,975
12/10/2011,68,1400,800,1000,900
12/11/2011,,,,,
12/12/2011,70,1200,780,970,870
12/13/2011,67,1200,750,950,850
12/14/2011,72,1200,700,900,800
12/15/2011,84,1000,700,800,750
12/16/2011,90,1000,600,700,650
12/17/2011,85,900,500,600,550
12/18/2011,,,,,
12/19/2011,130,1000,600,800,700
12/20/2011,120,1100,700,850,800
12/21/2011,150,1100,700,800,750
12/22/2011,200,1100,700,800,750
12/23/2011,200,1000,550,700,650
12/24/2011,250,1000,500,600,550
12/25/2011,,,,,
12/26/2011,200,1200,550,650,600
12/27/2011,158,1200,580,650,615
12/28/2011,132,1200,600,700,650
12/29/2011,108,1200,650,750,700
12/30/2011,92,1100,600,800,700
12/31/2011,85,1400,680,850,765
1/1/2012,,,,,
1/2/2012,48,1500,800,1000,900
1/3/2012,45,1500,850,1000,925
1/4/2012,40,1500,875,1125,1000
1/5/2012,46,1500,900,1100,1000
1/6/2012,52,1300,900,1000,950
1/7/2012,55,1200,800,1000,900
1/8/2012,,,,,
1/9/2012,63,1200,700,900,800
1/10/2012,65,1000,650,800,725
1/11/2012,70,1000,600,800,700
1/12/2012,60,1100,630,850,740
1/13/2012,58,1000,600,800,700
1/14/2012,50,1000,650,800,725
1/15/2012,,,,,
1/16/2012,46,1200,700,850,775
1/17/2012,53,1000,500,700,600
1/18/2012,50,900,550,700,625
1/19/2012,56,900,500,700,600
1/20/2012,60,1000,500,700,600
1/21/2012,52,1000,550,750,650
1/22/2012,,,,,
1/23/2012,50,1000,600,750,675
1/24/2012,54,1000,600,800,700
1/25/2012,48,1000,650,800,725
1/26/2012,,,,,
1/27/2012,52,1000,650,750,700
1/28/2012,50,1000,500,600,550
1/29/2012,,,,,
1/30/2012,70,1000,400,500,450
1/31/2012,80,1000,400,500,450
2/1/2012,60,1000,400,500,450
2/2/2012,55,1000,400,500,450
2/3/2012,60,1000,400,600,500
2/4/2012,50,1100,500,700,600
2/5/2012,,,,,
2/6/2012,40,1200,600,800,700
2/7/2012,50,1000,500,600,550
2/8/2012,40,1000,600,700,650
2/9/2012,55,1000,500,700,600
2/10/2012,60,1000,500,700,600
2/11/2012,50,1000,400,700,650
2/12/2012,,,,,
2/13/2012,42,1000,400,600,500
2/14/2012,35,1000,500,650,600
2/15/2012,50,800,350,500,425
2/16/2012,40,800,350,500,400
2/17/2012,35,800,350,425,400
2/18/2012,,,,,
2/19/2012,,,,,
2/20/2012,,,,,
2/21/2012,42,800,400,500,450
2/22/2012,48,1000,450,550,500
2/23/2012,50,1000,400,600,500
2/24/2012,45,1000,500,575,537
2/25/2012,48,1000,520,600,560
2/26/2012,,,,,
2/27/2012,50,1000,520,680,650
2/28/2012,52,1000,550,650,600
2/29/2012,48,1000,600,675,637
2/29/2012,,,,,
2/29/2012,,,,,
3/1/2012,50,1000,500,700,600
3/2/2012,60,1000,450,600,525
3/3/2012,50,1000,400,500,450
3/4/2012,,,,,
3/5/2012,45,1000,400,500,450
3/6/2012,36,1000,400,500,450
3/7/2012,20,1200,600,800,700
3/8/2012,,,,,
3/9/2012,12,1200,700,850,775
3/10/2012,20,1200,700,800,750
3/11/2012,,,,,
3/12/2012,20,1400,700,800,750
3/13/2012,8,2000,1100,1400,1300
3/14/2012,10,2500,1400,2000,1700
3/15/2012,14,2400,1500,2000,1800
3/16/2012,15,2200,1500,1900,1700
3/17/2012,25,2200,1400,1650,1550
3/18/2012,,,,,
3/19/2012,20,2400,1200,1600,1400
3/20/2012,20,2400,1400,1600,1500
3/21/2012,16,2500,1500,1800,1650
3/22/2012,18,2800,1600,2000,1800
3/23/2012,20,3000,2000,2200,2100
3/24/2012,18,3000,1800,2000,1900
3/25/2012,,,,,
3/26/2012,10,3000,2000,2200,2100
3/27/2012,16,3000,1500,1800,1650
3/28/2012,17,2800,1400,1800,1600
3/29/2012,15,2600,1400,1800,1600
3/30/2012,14,2600,1400,1800,1600
3/31/2012,12,2600,1600,1800,1700
11/1/2012,,,,,
11/2/2012,,,,,
11/3/2012,,,,,
11/4/2012,,,,,
11/5/2012,,,,,
11/6/2012,,,,,
11/7/2012,,,,,
11/8/2012,,,,,
11/9/2012,,,,,
11/10/2012,,,,,
11/11/2012,,,,,
11/12/2012,,,,,
11/13/2012,,,,,
11/14/2012,,,,,
11/15/2012,,,,,
11/16/2012,,,,,
11/17/2012,,,,,
11/18/2012,,,,,
11/19/2012,,,,,
11/20/2012,,,,,
11/21/2012,0,2400,1400,1600,1500
11/22/2012,0,2400,1450,1650,1550
11/23/2012,0,2200,1400,1600,1500
11/24/2012,0,2400,1500,1700,1600
11/25/2012,,,,,
11/26/2012,0,2200,1400,1600,1500
11/27/2012,0,2000,1300,1500,1400
11/28/2012,,,,,
11/29/2012,0,2000,1100,1300,1200
11/30/2012,0,2000,1000,1300,1200
11/30/2012,,,,,
12/1/2012,75,2000,1000,1200,1100
12/2/2012,,,,,
12/3/2012,80,1800,1000,1200,1100
12/4/2012,83,1800,1050,1250,1150
12/5/2012,75,1800,1000,1200,1100
12/6/2012,68,1800,1000,1200,1100
12/7/2012,80,1700,1000,1200,1100
12/8/2012,85,1600,1000,1200,1100
12/9/2012,,,,,
12/10/2012,80,1600,1000,1200,1100
12/11/2012,100,1500,800,1100,950
12/12/2012,110,1500,800,1100,950
12/13/2012,100,1500,800,1000,900
12/14/2012,90,1500,800,1000,900
12/15/2012,100,1500,800,900,850
12/16/2012,,,,,
12/17/2012,82,1500,825,945,885
12/18/2012,90,1300,800,900,850
12/19/2012,100,1200,700,900,800
12/20/2012,120,1000,750,850,800
12/21/2012,125,1000,700,800,750
12/22/2012,150,1000,70,800,750
12/23/2012,,,,,
12/24/2012,142,1000,700,800,750
12/25/2012,,,,,
12/26/2012,130,1200,800,1000,900
12/27/2012,125,1200,800,1000,900
12/28/2012,150,1200,700,900,800
12/29/2012,132,1400,800,1000,900
12/30/2012,,,,,
12/31/2012,126,1400,850,1000,925
1/1/2013,100,1400,875,1125,1000
1/2/2013,130,1600,800,1000,900
1/3/2013,135,1500,800,950,875
1/4/2013,125,1400,800,900,850
1/5/2013,90,1600,1000,1100,1050
1/6/2013,,,,,
1/7/2013,,,,,
1/8/2013,,,,,
1/9/2013,100,1600,1000,1100,1050
1/10/2013,80,1800,1100,1200,1150
1/11/2013,70,2000,1200,1350,1275
1/12/2013,75,2000,1200,1300,1250
1/13/2013,,,,,
1/14/2013,80,2000,1200,1350,1275
1/15/2013,75,2000,1200,1300,1250
1/16/2013,85,2000,1200,1300,1250
1/17/2013,75,2000,1200,1350,1275
1/18/2013,80,1900,1100,1300,1200
1/19/2013,75,1900,1000,1300,1200
1/20/2013,,,,,
1/21/2013,85,1800,1000,1200,1100
1/22/2013,75,1800,1000,1200,1100
1/23/2013,87,1700,800,1000,900
1/24/2013,75,1600,800,1000,900
1/25/2013,,,,,
1/26/2013,,,,,
1/27/2013,,,,,
1/28/2013,80,1500,700,1000,850
1/29/2013,70,1500,850,1050,950
1/30/2013,90,1400,800,1000,900
1/31/2013,85,1400,800,1000,900
2/1/2013,80,1600,700,1000,850
2/2/2013,93,1500,800,1000,900
2/3/2013,,,,,
2/4/2013,90,1400,750,900,825
2/5/2013,72,1400,800,950,875
2/6/2013,83,1200,750,900,825
2/7/2013,90,1200,700,900,800
2/8/2013,72,1400,750,1000,875
2/9/2013,80,1300,825,950,887
2/10/2013,,,,,
2/11/2013,75,1400,875,975,925
2/12/2013,70,1600,925,1000,960
2/13/2013,85,1400,800,900,850
2/14/2013,90,1400,750,850,800
2/15/2013,83,1400,800,900,850
2/16/2013,70,1400,800,900,850
2/17/2013,,,,,
2/18/2013,72,1400,800,1000,900
2/19/2013,80,1400,800,1000,900
2/20/2013,70,1400,800,1000,900
2/21/2013,77,1300,800,900,850
2/22/2013,85,1300,800,900,850
2/23/2013,100,1200,700,800,750
2/24/2013,,,,,
2/25/2013,86,1300,785,875,830
2/26/2013,75,1300,800,900,850
2/27/2013,60,1500,1000,1200,1100
2/28/2013,70,1500,900,1200,1050
2/28/2013,,,,,
2/28/2013,,,,,
2/28/2013,,,,,
3/1/2013,60,1500,900,1100,1000
3/2/2013,70,1400,900,1000,950
3/3/2013,,,,,
3/4/2013,75,1300,800,1000,900
3/5/2013,65,1300,800,1000,900
3/6/2013,50,1400,1000,1200,1100
3/7/2013,47,1500,1000,1100,1050
3/8/2013,45,1600,1100,1200,1150
3/9/2013,50,1600,1000,1200,1100
3/10/2013,,,,,
3/11/2013,60,1600,1000,1200,1100
3/12/2013,52,1600,1050,1250,1150
3/13/2013,65,1600,900,1100,1000
3/14/2013,50,1600,1000,1100,1050
3/15/2013,40,1700,1000,1200,1100
3/16/2013,50,1600,800,1000,900
3/17/2013,,,,,
3/18/2013,48,1600,800,1000,900
3/19/2013,60,1500,700,900,800
3/20/2013,50,1500,800,900,850
3/21/2013,45,1600,800,900,850
3/22/2013,25,1600,700,800,750
3/23/2013,30,1500,700,800,750
3/24/2013,,,,,
3/25/2013,32,1500,750,850,800
3/26/2013,40,1500,725,825,775
3/27/2013,,,,,
3/28/2013,30,1500,700,800,750
3/29/2013,,,,,
3/30/2013,24,1600,800,900,850
3/31/2013,,,,,
5/1/2013,,,,,
5/2/2013,,,,,
5/3/2013,,,,,
5/4/2013,,,,,
5/5/2013,,,,,
5/6/2013,42,1600,900,1000,950
5/7/2013,48,1400,800,1000,900
5/8/2013,40,1600,850,1050,950
5/9/2013,36,1600,900,1150,1025
5/10/2013,32,1600,900,1200,1050
5/11/2013,38,1500,875,1175,1025
5/12/2013,,,,,
5/13/2013,35,1600,900,1200,1050
5/14/2013,30,1600,950,1250,1100
5/15/2013,33,1800,1000,1400,1150
5/16/2013,25,1800,1000,1200,1100
5/17/2013,20,1800,1000,1200,1100
5/18/2013,16,1800,1000,1200,1100
5/19/2013,,,,,
5/20/2013,12,1800,1100,1200,1150
5/21/2013,16,1800,1000,1200,1100
5/22/2013,12,2000,1000,1400,1200
5/23/2013,8,2000,1200,1400,1300
5/24/2013,7,2000,1300,1500,1400
5/25/2013,,,,,
5/26/2013,,,,,
5/27/2013,10,2000,1200,1400,1300
5/28/2013,12,2000,1200,1400,1300
5/29/2013,20,1700,1000,1200,1100
5/30/2013,12,2000,1200,1500,1350
5/31/2013,,,,,
10/1/2013,,,,,
10/2/2013,,,,,
10/3/2013,,,,,
10/4/2013,,,,,
10/5/2013,,,,,
10/6/2013,,,,,
10/7/2013,,,,,
10/8/2013,0,3500,2000,2400,2200
10/9/2013,0,3500,200,2500,2250
10/10/2013,0,3000,2000,2200,2100
10/11/2013,0,3000,2000,2200,2100
10/12/2013,0,3400,2400,2600,2500
10/13/2013,,,,,
10/14/2013,0,3200,2200,2500,2350
10/15/2013,0,3200,2400,2600,2500
10/16/2013,,,,,
10/17/2013,0,3200,2000,2200,2100
10/18/2013,0,3000,1800,2000,1900
10/19/2013,0,3000,1700,2000,1850
10/20/2013,,,,,
10/21/2013,0,3000,1800,2200,2000
10/22/2013,0,2800,1600,2000,1800
10/23/2013,0,3000,2000,2500,2250
10/24/2013,0,3200,2200,2500,2350
10/25/2013,0,3400,2250,2750,2500
10/26/2013,0,3300,2200,2600,2400
10/27/2013,,,,,
10/28/2013,,,,,
10/29/2013,0,3500,2250,2650,2450
10/30/2013,0,4500,2500,3000,2750
10/31/2013,0,5000,2800,3200,3000
11/1/2013,0,5000,2850,3250,3050
11/2/2013,0,4700,2600,3000,2800
11/3/2013,,,,,
11/4/2013,,,,,
11/5/2013,0,5000,2500,3000,2750
11/6/2013,0,5500,3000,3500,3250
11/7/2013,0,5500,3250,3650,3450
11/8/2013,0,6000,4000,4500,4250
11/9/2013,0,6800,4500,5000,4750
11/10/2013,,,,,
11/11/2013,0,6500,4400,5000,4700
11/12/2013,0,6500,4500,5200,4850
11/13/2013,0,6200,4600,5000,4800
11/14/2013,0,6500,4500,5000,4750
11/15/2013,,,,,
11/16/2013,0,6000,4400,4800,4600
11/17/2013,,,,,
11/18/2013,0,6000,4200,4600,4500
11/19/2013,0,6500,4250,4750,4550
11/20/2013,0,6500,4500,5000,4750
11/21/2013,0,6000,4200,5000,4600
11/22/2013,0,7000,4800,5500,5150
11/23/2013,0,7000,5000,5800,5400
11/24/2013,,,,,
11/25/2013,0,7200,5400,6000,5700
11/26/2013,0,6000,4500,5000,4750
11/27/2013,0,5800,4200,4800,4500
11/28/2013,0,5500,4250,4750,4500
11/29/2013,0,5000,3600,4000,3800
11/30/2013,0,4500,3200,3800,3500
11/30/2013,,,,,
12/1/2013,,,,,
12/2/2013,0,5000,3400,4000,3700
12/3/2013,0,4500,3450,3650,3550
12/4/2013,0,4000,2600,3000,2800
12/5/2013,0,4000,2500,3000,2750
12/6/2013,0,4000,2600,3000,2800
12/7/2013,0,4000,2500,2800,2650
12/8/2013,,,,,
12/9/2013,0,3600,2400,2800,2600
12/10/2013,0,3500,2450,2750,2600
12/11/2013,0,3500,2400,2600,2500
12/12/2013,0,3200,2200,2400,2300
12/13/2013,0,3000,2250,2450,2350
12/14/2013,0,3000,2200,2400,2300
12/15/2013,,,,,
12/16/2013,0,2800,2000,2300,2150
12/17/2013,0,2800,2100,2300,2200
12/18/2013,0,2800,2050,2250,2150
12/19/2013,0,2600,2000,2200,2100
12/20/2013,0,2700,2100,2300,2200
12/21/2013,0,2600,2150,2350,2250
12/22/2013,,,,,
12/23/2013,0,2600,2000,2200,2100
12/24/2013,100,2500,1400,1800,1600
12/25/2013,,,,,
12/26/2013,130,2200,1300,1500,1400
12/27/2013,150,2000,1200,1400,1300
12/28/2013,140,2000,1100,1300,1200
12/29/2013,,,,,
12/30/2013,160,1800,1000,1200,1100
12/31/2013,142,1800,1000,1200,1100
1/1/2014,50,1800,1000,1150,1075
1/2/2014,70,1600,900,1100,1000
1/3/2014,60,1600,1000,1150,1075
1/4/2014,50,1600,1000,1200,1100
1/5/2014,,,,,
1/6/2014,30,2000,1400,1600,1500
1/7/2014,32,2250,1600,1700,1650
1/8/2014,48,2000,1300,1400,1350
1/9/2014,60,1800,1200,1350,1275
1/10/2014,54,1800,1200,1300,1250
1/11/2014,60,1800,1200,1400,1300
1/12/2014,,,,,
1/13/2014,45,2000,1200,1500,1350
1/14/2014,,,,,
1/15/2014,65,1800,1000,1200,1100
1/16/2014,50,2000,1200,1400,1300
1/17/2014,60,1800,1000,1200,1100
1/18/2014,50,1800,1000,1200,1100
1/19/2014,,,,,
1/20/2014,52,1800,1050,1200,1125
1/21/2014,48,1800,1050,1250,1150
1/22/2014,42,2000,1200,1400,1300
1/23/2014,40,2000,1200,1400,1300
1/24/2014,50,1800,1100,1300,1200
1/25/2014,70,1500,1000,1100,1050
1/26/2014,,,,,
1/27/2014,80,1400,800,1000,900
1/28/2014,70,1400,800,1000,900
1/29/2014,78,1300,700,900,800
1/30/2014,65,1300,800,900,850
1/31/2014,60,1300,800,1000,900
2/1/2014,55,1400,800,1000,900
2/2/2014,,,,,
2/3/2014,60,1400,800,1000,900
2/4/2014,70,1400,800,1000,900
2/5/2014,73,1200,800,950,875
2/6/2014,60,1500,1000,1100,1050
2/7/2014,65,1500,900,1000,950
2/8/2014,60,1500,900,1000,950
2/9/2014,,,,,
2/10/2014,56,1500,950,1050,1000
2/11/2014,50,1500,900,1200,1050
2/12/2014,48,1600,1000,1200,1100
2/13/2014,45,1600,1050,1250,1150
2/14/2014,60,1400,800,1100,950
2/15/2014,50,1600,1000,1300,1150
2/16/2014,,,,,
2/17/2014,58,1500,1000,1250,1125
2/18/2014,60,1500,1000,1200,1100
2/19/2014,52,1600,1100,1300,1200
2/20/2014,50,1600,1125,1275,1200
2/21/2014,62,1500,1000,1200,1100
2/22/2014,53,1500,1050,1250,1150
2/23/2014,,,,,
2/24/2014,62,1500,1000,1200,1100
2/25/2014,50,1600,1150,1350,1250
2/26/2014,58,1600,1100,1300,1200
2/27/2014,60,1600,1150,1250,1200
2/28/2014,52,1500,1000,1200,1100
2/28/2014,,,,,
2/28/2014,,,,,
2/28/2014,,,,,
3/1/2014,45,2000,1000,1200,1100
3/2/2014,,,,,
3/3/2014,52,2000,1000,1300,1200
3/4/2014,42,2000,1100,1400,1250
3/5/2014,58,2000,1000,1200,1100
3/6/2014,55,2200,1100,1300,1200
3/7/2014,50,2000,1000,1400,1200
3/8/2014,58,2000,1100,1300,1200
3/9/2014,,,,,
3/10/2014,40,2200,1000,1500,1250
3/11/2014,38,2200,1000,1400,1200
3/12/2014,40,2000,1100,1400,1250
3/13/2014,35,2200,1100,1500,1300
3/14/2014,36,2400,1200,1500,1350
3/15/2014,30,2800,1200,1600,1400
3/16/2014,,,,,
3/17/2014,,,,,
3/18/2014,10,2000,1000,1200,1100
3/19/2014,12,2000,1000,1200,1100
3/20/2014,14,2200,1100,1200,1150
3/21/2014,11,2200,1100,1250,1125
3/22/2014,12,2200,1100,1400,1200
3/23/2014,,,,,
3/24/2014,14,2000,1000,1200,1100
3/25/2014,15,2000,950,1200,1060
3/26/2014,16,2000,1000,1200,1100
3/27/2014,15,2100,1050,1250,1150
3/28/2014,13,2200,1100,1300,1200
3/29/2014,14,2200,1200,1300,1250
3/30/2014,,,,,
3/31/2014,15,2000,1100,1300,1200
4/1/2014,13,2200,1100,1300,1200
4/2/2014,15,2000,1000,1200,1100
4/3/2014,16,2000,1050,1250,1150
4/4/2014,15,2000,1000,1200,1100
4/5/2014,18,2000,1000,1250,1125
4/6/2014,,,,,
4/7/2014,23,2200,1100,1400,1200
4/8/2014,,,,,
4/9/2014,22,2300,1300,1550,1400
4/10/2014,20,2500,1400,1650,1500
4/11/2014,21,2500,1400,1650,1500
4/12/2014,18,3000,1600,1800,1700
4/13/2014,,,,,
4/14/2014,,,,,
4/15/2014,15,3200,1600,1800,1700
4/16/2014,21,2800,1500,1700,1600
4/17/2014,24,2800,1450,1650,1530
4/18/2014,,,,,
4/19/2014,26,2800,1400,1600,1500
4/20/2014,,,,,
4/21/2014,25,2600,1500,1700,1600
4/22/2014,16,2400,1300,1600,1450
4/23/2014,18,2800,1300,1700,1500
4/24/2014,12,3000,1400,1800,1600
4/25/2014,37,2500,1300,1550,1450
4/26/2014,48,2000,1000,1200,1100
4/27/2014,,,,,
4/28/2014,28,2000,1100,1400,1250
4/29/2014,22,2000,1100,1450,1300
4/30/2014,,,,,
4/30/2014,,,,,
5/1/2014,30,1800,1200,1400,1300
5/2/2014,29,1600,800,1200,1000
5/3/2014,30,1500,800,1000,900
5/4/2014,,,,,
5/5/2014,38,1500,850,1100,1000
5/6/2014,42,1500,900,1100,1000
5/7/2014,39,1600,950,1200,1075
5/8/2014,36,1600,950,1200,1100
5/9/2014,34,1500,950,1200,1100
5/10/2014,36,1100,800,900,850
5/11/2014,,,,,
5/12/2014,40,1000,700,800,750
5/13/2014,35,1200,700,800,750
5/14/2014,,,,,
5/15/2014,52,1200,650,800,725
5/16/2014,64,1000,500,700,600
5/17/2014,70,1000,500,600,550
5/18/2014,,,,,
5/19/2014,82,1000,450,550,500
5/20/2014,87,1000,400,500,450
5/21/2014,73,1000,440,520,480
5/22/2014,75,1000,380,500,440
5/23/2014,68,1000,360,500,430
5/24/2014,57,1000,400,500,450
5/25/2014,,,,,
5/26/2014,62,1000,360,480,420
5/27/2014,53,1200,450,700,575
5/28/2014,56,1200,450,650,550
5/29/2014,52,1400,600,800,700
5/30/2014,48,1400,750,950,850
5/31/2014,47,1200,800,900,850
6/1/2014,,,,,
6/2/2014,58,1200,700,900,800
6/3/2014,55,1300,750,950,850
6/4/2014,56,1200,700,900,800
6/5/2014,60,1000,650,850,750
6/6/2014,62,1000,600,800,700
6/7/2014,50,1200,700,1000,900
6/8/2014,,,,,
6/9/2014,50,1200,800,1000,900
6/10/2014,42,1700,1200,1400,1300
6/11/2014,45,1800,1200,1500,1350
6/12/2014,40,2000,1300,1500,1400
6/13/2014,52,1800,1100,1400,1250
6/14/2014,60,1900,1150,1350,1250
6/15/2014,,,,,
6/16/2014,53,2000,1300,1500,1400
6/17/2014,68,2000,1400,1600,1500
6/18/2014,50,2000,1250,1550,1400
6/19/2014,56,2000,1300,1500,1400
6/20/2014,54,2000,1200,1500,1350
6/21/2014,60,2000,1250,1450,1350
6/22/2014,,,,,
6/23/2014,67,2000,1200,1400,1300
6/24/2014,65,2000,1000,1400,1200
6/25/2014,57,2000,1200,1500,1350
6/26/2014,50,2000,1250,1450,1350
6/27/2014,54,2000,1100,1500,1300
6/28/2014,60,2000,1200,1600,1400
6/29/2014,,,,,
6/30/2014,65,2000,1300,1500,1400
6/30/2014,,,,,
7/1/2014,56,2000,1200,1600,1400
7/2/2014,40,2600,1500,2000,1750
7/3/2014,,,,,
7/4/2014,,,,,
7/5/2014,,,,,
7/6/2014,,,,,
7/7/2014,,,,,
7/8/2014,,,,,
7/9/2014,,,,,
7/10/2014,,,,,
7/11/2014,,,,,
7/12/2014,,,,,
7/13/2014,,,,,
7/14/2014,,,,,
7/15/2014,,,,,
7/16/2014,,,,,
7/17/2014,,,,,
7/18/2014,,,,,
7/19/2014,,,,,
7/20/2014,,,,,
7/21/2014,,,,,
7/22/2014,,,,,
7/23/2014,,,,,
7/24/2014,,,,,
7/25/2014,,,,,
7/26/2014,,,,,
7/27/2014,,,,,
7/28/2014,,,,,
7/29/2014,,,,,
7/30/2014,,,,,
7/31/2014,,,,,
11/1/2014,62,2000,1400,1700,1550
11/2/2014,,,,,
11/3/2014,,,,,
11/4/2014,,,,,
11/5/2014,65,2000,1200,1550,1425
11/6/2014,,,,,
11/7/2014,60,2000,1100,1400,1250
11/8/2014,56,2000,1200,1450,1350
11/9/2014,,,,,
11/10/2014,52,2000,1300,1500,1400
11/11/2014,60,2000,1200,1400,1300
11/12/2014,65,2000,1000,1400,1250
11/13/2014,68,1800,1000,1400,1200
11/14/2014,60,1800,1150,1450,1300
11/15/2014,63,1800,1200,1400,1300
11/16/2014,,,,,
11/17/2014,60,2000,1300,1500,1400
11/18/2014,70,1800,1200,1400,1300
11/19/2014,,,,,
11/20/2014,75,1800,1100,1300,1200
11/21/2014,68,1800,1200,1400,1300
11/22/2014,60,2000,1250,1450,1350
11/23/2014,,,,,
11/24/2014,,,,,
11/25/2014,56,2000,1200,1500,1350
11/26/2014,50,2000,1300,1600,1450
11/27/2014,52,2200,1400,1800,1600
11/28/2014,56,2000,1450,1750,1600
11/29/2014,,,,,
11/30/2014,,,,,
11/30/2014,,,,,
12/1/2014,50,2400,1400,1800,1600
12/2/2014,48,2200,1500,1800,1650
12/3/2014,45,2200,1600,1850,1725
12/4/2014,52,2000,1500,1700,1600
12/5/2014,60,2000,1450,1650,1550
12/6/2014,65,2000,1400,1600,1500
12/7/2014,,,,,
12/8/2014,,,,,
12/9/2014,60,2000,1600,1800,1700
12/10/2014,65,2000,1500,1700,1600
12/11/2014,58,2000,1600,1800,1700
12/12/2014,60,2000,1450,1750,1600
12/13/2014,,,,,
12/14/2014,,,,,
12/15/2014,50,2000,1600,1800,1700
12/16/2014,43,2800,2000,2400,2200
12/17/2014,48,2600,1600,2200,1900
12/18/2014,42,2600,1850,2350,2050
12/19/2014,45,2500,1800,2200,2000
12/20/2014,56,2200,1500,1800,1650
12/21/2014,,,,,
12/22/2014,63,2000,1400,1600,1500
12/23/2014,66,2000,1300,1500,1400
12/24/2014,72,2000,1200,1500,1350
12/25/2014,,,,,
12/26/2014,70,2000,1100,1400,1250
12/27/2014,63,2600,1600,2000,1800
12/28/2014,,,,,
12/29/2014,58,2800,1800,2300,2100
12/30/2014,55,2800,2000,2400,2200
12/31/2014,50,2800,2150,2450,2300
1/1/2015,56,2800,2000,2400,2200
1/2/2015,60,2600,1700,2300,2000
1/3/2015,48,3000,2000,2500,2250
1/4/2015,,,,,
1/5/2015,50,3000,2200,2500,2350
1/6/2015,54,3000,2000,2400,2200
1/7/2015,52,3000,2100,2400,2250
1/8/2015,60,2800,1800,2200,2000
1/9/2015,48,2800,1900,2200,2050
1/10/2015,50,2400,1600,2000,1800
1/11/2015,,,,,
1/12/2015,57,2400,1500,1900,1700
1/13/2015,52,2200,1500,1850,1725
1/14/2015,60,2000,1400,1800,1600
1/15/2015,65,2000,1200,1700,1500
1/16/2015,58,2000,1250,1650,1450
1/17/2015,600,2000,1200,1600,1400
1/18/2015,,,,,
1/19/2015,62,2000,1300,1500,1400
1/20/2015,56,2000,1300,1600,1450
1/21/2015,60,2000,1200,1600,1400
1/22/2015,630,2000,1100,1500,1300
1/23/2015,58,2000,1200,1500,1350
1/24/2015,62,2000,1200,1400,1300
1/25/2015,,,,,
1/26/2015,,,,,
1/27/2015,68,2000,1100,1300,1200
1/28/2015,60,2000,1050,1350,1200
1/29/2015,48,2400,1200,1600,1400
1/30/2015,42,2200,1400,1700,1550
1/31/2015,45,2000,1450,1650,1550
2/1/2015,,,,,
2/2/2015,54,2000,1200,1600,1400
2/3/2015,,,,,
2/4/2015,55,2000,1200,1500,1350
2/5/2015,62,2000,1150,1450,1300
2/6/2015,56,2000,1200,1475,1350
2/7/2015,62,2000,1150,1450,1300
2/8/2015,56,2000,1200,1475,1350
2/9/2015,50,2000,1250,1550,1400
2/10/2015,48,2200,1200,1600,1400
2/11/2015,46,2200,1250,1600,1425
2/12/2015,52,2000,1000,1500,1300
2/13/2015,50,2000,1050,1550,1350
2/14/2015,47,2200,1200,1800,1500
2/15/2015,,,,,
2/16/2015,,,,,
2/17/2015,45,2000,1300,1700,1500
2/18/2015,42,2000,1450,1750,1550
2/19/2015,50,2000,1200,1600,1400
2/20/2015,53,1800,1000,1400,1200
2/21/2015,60,1800,1100,1400,1250
2/22/2015,,,,,
2/23/2015,58,1800,1200,1400,1300
2/24/2015,63,1800,1000,1300,1150
2/25/2015,,,,,
2/26/2015,60,2000,1100,1500,1300
2/27/2015,65,2000,1200,1400,1300
2/28/2015,70,2000,1100,1400,1250
2/28/2015,,,,,
2/28/2015,,,,,
2/28/2015,,,,,
3/1/2015,,,,,
3/2/2015,50,2000,1200,1500,1350
3/3/2015,63,2000,1000,1400,1200
3/4/2015,56,2000,1200,1500,1350
3/5/2015,60,2000,1100,1450,1250
3/6/2015,,,,,
3/7/2015,36,2000,1200,1600,1400
3/8/2015,,,,,
3/9/2015,48,2000,1200,1500,1350
3/10/2015,45,2000,1200,1600,1400
3/11/2015,42,2000,1300,1700,1500
3/12/2015,46,2000,1250,1650,1400
3/13/2015,50,2000,1200,1500,1350
3/14/2015,45,2200,1500,1800,1650
3/15/2015,,,,,
3/16/2015,38,2400,1600,2000,1800
3/17/2015,32,2600,1700,2200,2000
3/18/2015,40,2400,1400,2000,1700
3/19/2015,45,2400,1200,2000,1600
3/20/2015,50,2200,1200,1800,1500
3/21/2015,54,2200,1400,1800,1600
3/22/2015,,,,,
3/23/2015,45,2500,1500,2000,1750
3/24/2015,52,2200,1350,1850,1600
3/25/2015,56,2000,1200,1800,1500
3/26/2015,60,2000,1250,1750,1500
3/27/2015,65,2000,1400,1700,1550
3/28/2015,,,,,
3/29/2015,,,,,
3/30/2015,70,2000,1200,1600,1400
3/31/2015,62,2000,1350,1650,1500
4/1/2015,42,2200,1200,1600,1400
4/2/2015,,,,,
4/3/2015,,,,,
4/4/2015,40,2400,1400,1800,1600
4/5/2015,,,,,
4/6/2015,36,2400,1300,1700,1500
4/7/2015,45,2000,1200,1500,1350
4/8/2015,50,2000,1100,1500,1300
4/9/2015,48,2000,1200,1500,1350
4/10/2015,54,2000,1250,1450,1350
4/11/2015,50,2000,1200,1500,1350
4/12/2015,,,,,
4/13/2015,45,2400,1600,2000,1800
4/14/2015,,,,,
4/15/2015,40,2800,1700,2200,2000
4/16/2015,30,3200,2000,2500,2250
4/17/2015,37,3000,2200,2400,2300
4/18/2015,40,3000,1600,2400,2000
4/19/2015,,,,,
4/20/2015,38,3000,1500,2400,2000
4/21/2015,45,2800,1600,2200,1900
4/22/2015,40,3000,1700,2400,2000
4/23/2015,46,2800,1500,2300,1900
4/24/2015,45,2800,1600,2200,1900
4/25/2015,40,2800,1800,2400,2100
4/26/2015,,,,,
4/27/2015,50,2600,1750,2250,2000
4/28/2015,50,2600,1800,2200,2000
4/29/2015,47,2800,1700,2300,2000
4/30/2015,52,2800,1800,2200,2000
4/30/2015,,,,,
5/1/2015,48,2500,1500,2000,1750
5/2/2015,50,2400,1400,2000,1700
5/3/2015,,,,,
5/4/2015,,,,,
5/5/2015,45,2600,1600,2200,1900
5/6/2015,38,3200,2200,2600,2400
5/7/2015,32,4500,3000,3500,3250
5/8/2015,30,5000,3200,4000,3600
5/9/2015,30,5500,3500,4500,4000
5/10/2015,,,,,
5/11/2015,48,4000,2600,3200,2900
5/12/2015,53,3000,2000,2400,2200
5/13/2015,57,3000,1800,2200,2000
5/14/2015,60,2600,1500,2000,1750
5/15/2015,58,2600,1600,2000,1800
5/16/2015,60,2400,1400,1800,1600
5/17/2015,,,,,
5/18/2015,65,2400,1350,1750,1550
5/19/2015,72,2000,1200,1600,1400
5/20/2015,60,2000,1250,1650,1450
5/21/2015,56,2000,1300,1600,1450
5/22/2015,62,2000,1200,1500,1350
5/23/2015,58,2000,1250,1550,1400
5/24/2015,,,,,
5/25/2015,60,2000,1200,1500,1350
5/26/2015,57,2000,1200,1600,1400
5/27/2015,62,2000,1100,1500,1300
5/28/2015,55,2000,1400,1700,1550
5/29/2015,60,2000,1200,1600,1400
5/30/2015,67,2000,1200,1500,1350
5/31/2015,,,,,
6/1/2015,62,2000,1250,1500,1375
6/2/2015,56,2600,1600,2000,1800
6/3/2015,60,2400,1400,1800,1600
6/4/2015,58,2400,1550,1750,1650
6/5/2015,46,2400,1400,1800,1600
6/6/2015,55,2400,1500,1700,1600
6/7/2015,,,,,
6/8/2015,52,2400,1525,1725,1650
6/9/2015,60,2000,1350,1650,1500
6/10/2015,67,2000,1300,1600,1450
6/11/2015,63,2000,1400,1600,1500
6/12/2015,58,2000,1350,1650,1500
6/13/2015,47,2200,1500,1800,1650
6/14/2015,,,,,
6/15/2015,40,2600,1600,2000,1800
6/16/2015,53,2000,1450,1650,1550
6/17/2015,58,2000,1200,1500,1350
6/18/2015,55,2000,1300,1500,1400
6/19/2015,50,2000,1200,1600,1400
6/20/2015,53,2000,1250,1550,1400
6/21/2015,,,,,
6/22/2015,50,2400,1600,2000,1800
6/23/2015,48,2800,1800,2200,2000
6/24/2015,40,3000,2000,2400,2200
6/25/2015,42,3000,2200,2500,2350
6/26/2015,45,3000,2100,2400,2250
6/27/2015,56,2800,1600,2200,1900
6/28/2015,,,,,
6/29/2015,53,2800,1800,2200,2000
6/30/2015,65,2600,1600,2000,1800
6/30/2015,,,,,
12/1/2015,50,3800,2500,3000,2750
12/2/2015,54,3600,2200,3000,2600
12/3/2015,60,3500,2200,2800,2500
12/4/2015,70,3000,2000,2600,2300
12/5/2015,74,3000,2000,2500,2250
12/6/2015,,,,,
12/7/2015,68,3000,2150,2500,2375
12/8/2015,63,3000,2200,2600,2400
12/9/2015,70,2900,2000,2500,2250
12/10/2015,76,2800,1800,2300,2050
12/11/2015,62,2800,1800,2400,2100
12/12/2015,67,2800,1900,2300,2100
12/13/2015,,,,,
12/14/2015,65,2800,1800,2200,2000
12/15/2015,70,2600,1600,2000,1800
12/16/2015,68,2600,1800,2200,2000
12/17/2015,72,2600,1600,2000,1800
12/18/2015,80,2700,1500,2000,1750
12/19/2015,70,2600,1400,2000,1700
12/20/2015,,,,,
12/21/2015,63,2800,1800,2200,2000
12/22/2015,65,2800,1750,2150,1950
12/23/2015,52,3000,1800,2400,2100
12/24/2015,,,,,
12/25/2015,,,,,
12/26/2015,50,3400,2000,2500,2250
12/27/2015,,,,,
12/28/2015,60,3000,1800,2400,2100
12/29/2015,65,2800,1600,2200,1900
12/30/2015,50,3000,1800,2400,2100
12/31/2015,53,3000,1700,2300,2000
1/1/2016,48,3500,1600,2000,1800
1/2/2016,50,3500,1500,2000,1750
1/3/2016,,,,,
1/4/2016,45,3600,1650,2050,1900
1/5/2016,40,3800,1800,2200,2000
1/6/2016,38,3800,2000,2600,2300
1/7/2016,48,3000,2000,2400,2200
1/8/2016,50,3000,1800,2300,2100
1/9/2016,45,3200,2000,2400,2200
1/10/2016,,,,,
1/11/2016,53,3000,1600,2200,1900
1/12/2016,55,3000,1800,2200,2000
1/13/2016,60,2800,1600,2000,1800
1/14/2016,62,2800,1600,2000,1800
1/15/2016,68,2600,1500,1800,1650
1/16/2016,60,2800,1550,1850,1700
1/17/2016,,,,,
1/18/2016,64,2600,1500,1800,1650
1/19/2016,67,2600,1400,1800,1600
1/20/2016,65,2600,1500,1700,1600
1/21/2016,50,2800,1600,1900,1750
1/22/2016,56,2500,1450,1850,1600
1/23/2016,60,2000,1400,1800,1600
1/24/2016,,,,,
1/25/2016,65,2200,1300,1800,1550
1/26/2016,,,,,
1/27/2016,60,2000,1400,1600,1500
1/28/2016,57,2200,1300,1700,1500
1/29/2016,58,2200,1200,1700,1450
1/30/2016,62,2000,1200,1500,1350
1/31/2016,,,,,
2/1/2016,54,2600,1600,2000,1800
2/2/2016,50,2500,1500,2000,1750
2/3/2016,48,2600,1700,2000,1850
2/4/2016,52,2500,1650,1950,1800
2/5/2016,60,2400,1600,1900,1750
2/6/2016,62,2400,1600,1900,1800
2/7/2016,,,,,
2/8/2016,64,2400,1500,1800,1700
2/9/2016,62,2400,1550,1850,1650
2/10/2016,60,2400,1500,1700,1600
2/11/2016,65,2400,1450,1600,1550
2/12/2016,70,2400,1400,1600,1500
2/13/2016,68,2400,1400,1550,1450
2/14/2016,,,,,
2/15/2016,65,2000,1450,1650,1550
2/16/2016,70,2000,1200,1600,1400
2/17/2016,75,2000,1200,1500,1350
2/18/2016,80,1800,1100,1400,1250
2/19/2016,78,1800,1200,1400,1300
2/20/2016,80,1800,1100,1300,1200
2/21/2016,,,,,
2/22/2016,70,1800,1200,1500,1350
2/23/2016,72,1800,1250,1450,1350
2/24/2016,80,1800,1100,1400,1250
2/25/2016,76,1800,1150,1400,1300
2/26/2016,87,1400,900,1100,1000
2/27/2016,90,1300,800,1000,900
2/28/2016,,,,,
2/29/2016,80,1600,1000,1200,1100
2/29/2016,,,,,
2/29/2016,,,,,
3/1/2016,68,1700,1000,1300,1150
3/2/2016,70,1600,1000,1200,1100
3/3/2016,65,1700,1100,1400,1250
3/4/2016,60,1800,1200,1400,1300
3/5/2016,70,1800,1000,1300,1150
3/6/2016,,,,,
3/7/2016,65,1600,1000,1200,1100
3/8/2016,72,1400,900,1100,1000
3/9/2016,80,1400,800,1000,900
3/10/2016,75,1400,1000,1200,1100
3/11/2016,87,1300,800,1000,900
3/12/2016,83,1300,800,1000,900
3/13/2016,,,,,
3/14/2016,86,1300,750,1000,875
3/15/2016,72,1400,850,1100,975
3/16/2016,75,1300,850,1050,950
3/17/2016,80,1300,800,1000,900
3/18/2016,78,1300,900,1000,950
3/19/2016,75,1300,900,1050,980
3/20/2016,,,,,
3/21/2016,63,1400,950,1100,1025
3/22/2016,70,1400,900,1100,1000
3/23/2016,,,,,
3/24/2016,,,,,
3/25/2016,,,,,
3/26/2016,40,1600,1000,1100,1050
3/27/2016,,,,,
3/28/2016,52,1400,900,1000,950
3/29/2016,48,1500,1000,1200,1100
3/30/2016,55,1600,1100,1300,1200
3/31/2016,52,1600,1000,1300,1150
4/1/2016,70,1600,1100,1300,1200
4/2/2016,63,1600,1150,1350,1250
4/3/2016,,,,,
4/4/2016,72,1600,1100,1300,1200
4/5/2016,68,1500,1150,1250,1200
4/6/2016,70,1500,1000,1200,1100
4/7/2016,76,1400,900,1100,1000
4/8/2016,68,1400,950,1100,1025
4/9/2016,72,1600,1000,1200,1100
4/10/2016,,,,,
4/11/2016,65,1700,1000,1400,1200
4/12/2016,78,1600,900,1200,1050
4/13/2016,80,1400,800,1100,950
4/14/2016,,,,,
4/15/2016,,,,,
4/16/2016,100,1200,800,900,850
4/17/2016,,,,,
4/18/2016,85,1400,800,1000,900
4/19/2016,90,1400,850,950,900
4/20/2016,,,,,
4/21/2016,82,1400,800,1000,900
4/22/2016,64,1600,900,1400,1150
4/23/2016,58,1800,1100,1400,1250
4/24/2016,,,,,
4/25/2016,52,1700,1200,1400,1300
4/26/2016,56,1600,1150,1350,1250
4/27/2016,54,1600,1100,1350,1225
4/28/2016,60,1800,1125,1325,1250
4/29/2016,65,1800,1200,1300,1250
4/30/2016,60,1800,1100,1300,1200
4/30/2016,,,,,
5/1/2016,,,,,
5/2/2016,62,1800,1050,1250,1150
5/3/2016,63,1800,1030,1240,1120
5/4/2016,50,2200,1200,1600,1400
5/5/2016,52,2000,1200,1550,1375
5/6/2016,60,1600,1150,1350,1250
5/7/2016,54,1800,1200,1400,1300
5/8/2016,,,,,
5/9/2016,50,2000,1300,1500,1400
5/10/2016,48,2200,1350,1650,1500
5/11/2016,52,2200,1400,1600,1500
5/12/2016,50,2400,1300,1700,1500
5/13/2016,62,2000,1200,1500,1350
5/14/2016,70,1800,1000,1400,1200
5/15/2016,,,,,
5/16/2016,45,2800,1800,2200,2000
5/17/2016,50,2800,1600,2000,1800
5/18/2016,58,2600,1400,2000,1700
5/19/2016,62,2600,1400,1800,1600
5/20/2016,55,2700,1600,2000,1800
5/21/2016,,,,,
5/22/2016,,,,,
5/23/2016,60,2500,1550,1850,1700
5/24/2016,68,2600,1500,1800,1650
5/25/2016,65,2600,1400,1800,1600
5/26/2016,56,2600,1500,2000,1800
5/27/2016,60,2500,1500,1900,1700
5/28/2016,62,2500,1400,1800,1600
5/29/2016,,,,,
5/30/2016,60,2500,1500,1800,1600
5/31/2016,55,2500,1600,1900,1800
6/1/2016,58,2500,1550,1850,1700
6/2/2016,60,2500,1500,1800,1600
6/3/2016,55,2500,1600,1900,1700
6/4/2016,40,3000,2000,2400,2200
6/5/2016,,,,,
6/6/2016,38,3500,2200,2600,2400
6/7/2016,32,3800,2400,3000,2700
6/8/2016,35,3800,2200,3000,2600
6/9/2016,38,4000,2500,3200,2900
6/10/2016,40,4000,2400,3000,2700
6/11/2016,37,4500,2600,3400,3000
6/12/2016,,,,,
6/13/2016,42,4500,2500,3200,2900
6/14/2016,45,4000,2400,3000,2700
6/15/2016,40,4400,2800,3400,3100
6/16/2016,38,5000,3000,3700,3400
6/17/2016,45,4200,3000,3600,3300
6/18/2016,50,4000,2600,3200,2900
6/19/2016,,,,,
6/20/2016,43,4500,3000,3500,3250
6/21/2016,45,4500,2900,3500,3200
6/22/2016,47,4500,3000,3400,3200
6/23/2016,42,4800,3200,3600,3400
6/24/2016,40,5000,3400,4000,3700
6/25/2016,44,5000,3300,3800,3550
6/26/2016,,,,,
6/27/2016,45,5000,3200,3800,3500
6/28/2016,50,4800,3200,3600,3400
6/29/2016,40,5000,3400,4000,3700
6/30/2016,36,6500,4400,5000,4700
6/30/2016,,,,,
11/1/2016,,,,,
11/2/2016,,,,,
11/3/2016,,,,,
11/4/2016,,,,,
11/5/2016,,,,,
11/6/2016,,,,,
11/7/2016,,,,,
11/8/2016,,,,,
11/9/2016,,,,,
11/10/2016,,,,,
11/11/2016,,,,,
11/12/2016,,,,,
11/13/2016,,,,,
11/14/2016,,,,,
11/15/2016,,,,,
11/16/2016,,,,,
11/17/2016,,,,,
11/18/2016,,,,,
11/19/2016,,,,,
11/20/2016,,,,,
11/21/2016,65,1800,1200,1500,1350
11/22/2016,68,1800,1250,1450,1350
11/23/2016,60,2000,1400,1600,1450
11/24/2016,67,2000,1400,1600,1500
11/25/2016,,,,,
11/26/2016,,,,,
11/27/2016,,,,,
11/28/2016,,,,,
11/29/2016,,,,,
11/30/2016,,,,,
11/30/2016,,,,,
12/1/2016,63,2000,1200,1600,1400
12/2/2016,65,2000,1300,1600,1450
12/3/2016,70,1900,1200,1500,1350
12/4/2016,,,,,
12/5/2016,68,2000,1200,1500,1350
12/6/2016,72,2000,1150,1450,1300
12/7/2016,70,2000,1200,1400,1300
12/8/2016,76,2000,1220,1400,1310
12/9/2016,80,1800,1150,1350,1250
12/10/2016,82,1800,1100,1300,1200
12/11/2016,,,,,
12/12/2016,,,,,
12/13/2016,85,1700,1100,1250,1175
12/14/2016,90,1800,1000,1250,1125
12/15/2016,78,1800,1200,1400,1300
12/16/2016,72,1700,1150,1350,1250
12/17/2016,65,1800,1200,1400,1300
12/18/2016,,,,,
12/19/2016,70,1800,1100,1400,1250
12/20/2016,60,1800,1200,1500,1350
12/21/2016,65,1800,1200,1400,1300
12/22/2016,63,1700,1150,1400,1275
12/23/2016,67,1600,1000,1400,1200
12/24/2016,70,1600,1000,1300,1150
12/25/2016,,,,,
12/26/2016,75,1500,900,1200,1050
12/27/2016,80,1500,900,1000,950
12/28/2016,67,1500,950,1050,1000
12/29/2016,65,1500,900,1100,1000
12/30/2016,70,1300,850,1000,925
12/31/2016,63,1300,900,1000,950
1/1/2017,,,,,
1/2/2017,58,1500,900,1100,1000
1/3/2017,60,1300,900,1050,975
1/4/2017,63,1300,850,1000,925
1/5/2017,57,1300,900,1000,950
1/6/2017,59,1200,860,1000,940
1/7/2017,62,1200,850,1000,925
1/8/2017,,,,,
1/9/2017,65,1200,800,1000,900
1/10/2017,73,1100,800,950,875
1/11/2017,72,1000,750,900,800
1/12/2017,74,1000,800,950,850
1/13/2017,75,1000,750,900,800
1/14/2017,73,1000,700,900,750
1/15/2017,,,,,
1/16/2017,74,1000,730,850,770
1/17/2017,75,1000,710,800,750
1/18/2017,73,1000,700,900,800
1/19/2017,74,1000,730,900,800
1/20/2017,75,1000,700,900,800
1/21/2017,70,1300,775,925,850
1/22/2017,,,,,
1/23/2017,76,1200,800,900,850
1/24/2017,80,1200,820,900,860
1/25/2017,85,1200,840,920,880
1/26/2017,,,,,
1/27/2017,75,1200,800,900,850
1/28/2017,80,1200,820,900,860
1/29/2017,,,,,
1/30/2017,76,1200,800,900,850
1/31/2017,65,1300,850,1000,925
2/1/2017,58,1200,800,1000,900
2/2/2017,73,1200,800,900,850
2/3/2017,75,1200,700,900,800
2/4/2017,80,1100,750,850,800
2/5/2017,,,,,
2/6/2017,83,1000,700,800,750
2/7/2017,87,900,650,700,675
2/8/2017,85,900,600,700,650
2/9/2017,80,900,620,700,660
2/10/2017,87,800,600,650,625
2/11/2017,78,800,600,680,640
2/12/2017,,,,,
2/13/2017,82,800,500,600,550
2/14/2017,90,800,450,550,500
2/15/2017,100,800,420,500,470
2/16/2017,93,800,460,520,490
2/17/2017,80,1000,530,650,590
2/18/2017,85,1000,500,600,550
2/19/2017,,,,,
2/20/2017,82,1000,550,700,625
2/21/2017,70,1300,800,900,850
2/22/2017,65,1400,850,1000,925
2/23/2017,72,1200,600,800,700
2/24/2017,,,,,
2/25/2017,70,1200,680,850,775
2/26/2017,,,,,
2/27/2017,63,1400,750,1000,875
2/28/2017,60,1400,800,1000,900
2/28/2017,,,,,
2/28/2017,,,,,
2/28/2017,,,,,
3/1/2017,65,1400,850,1000,925
3/2/2017,68,1400,800,1000,900
3/3/2017,53,1400,950,1100,1025
3/4/2017,60,1400,900,1050,975
3/5/2017,,,,,
3/6/2017,67,1400,800,1000,900
3/7/2017,70,1200,750,900,825
3/8/2017,60,1300,800,950,875
3/9/2017,50,1500,900,1000,950
3/10/2017,54,1400,850,950,900
3/11/2017,62,1400,800,900,850
3/12/2017,,,,,
3/13/2017,,,,,
3/14/2017,40,1400,800,1000,900
3/15/2017,50,1400,850,1000,925
3/16/2017,43,1800,1000,1400,1200
3/17/2017,40,1500,1150,1300,1225
3/18/2017,47,1600,1000,1300,1100
3/19/2017,,,,,
3/20/2017,52,1200,700,900,800
3/21/2017,60,1200,600,800,700
3/22/2017,58,1000,650,800,725
3/23/2017,46,1400,900,1000,950
3/24/2017,50,1400,800,1000,900
3/25/2017,48,1400,850,1000,925
3/26/2017,,,,,
3/27/2017,60,1200,800,900,850
3/28/2017,50,1300,850,950,900
3/29/2017,48,1600,800,1000,900
3/30/2017,52,1500,850,1000,925
3/31/2017,50,1600,900,1200,1050
4/1/2017,50,1600,900,1100,1000
4/2/2017,,,,,
4/3/2017,48,1800,1000,1400,1200
4/4/2017,,,,,
4/5/2017,53,1700,1000,1300,1150
4/6/2017,50,1800,1050,1350,1200
4/7/2017,46,1800,1000,1400,1200
4/8/2017,52,1600,1050,1250,1150
4/9/2017,,,,,
4/10/2017,68,1400,800,1000,900
4/11/2017,65,1200,850,1000,925
4/12/2017,67,1200,800,900,850
4/13/2017,70,1000,700,800,750
4/14/2017,,,,,
4/15/2017,65,1000,740,820,780
4/16/2017,,,,,
4/17/2017,60,1000,700,800,750
4/18/2017,55,1000,720,800,760
4/19/2017,52,1000,700,800,750
4/20/2017,63,1000,650,850,750
4/21/2017,70,1000,600,800,700
4/22/2017,65,1000,700,800,750
4/23/2017,,,,,
4/24/2017,68,1000,700,780,740
4/25/2017,72,1000,650,750,700
4/26/2017,68,1000,620,700,660
4/27/2017,65,900,600,680,640
4/28/2017,57,1000,640,700,670
4/29/2017,55,1000,650,750,700
4/30/2017,,,,,
4/30/2017,,,,,
5/1/2017,50,1000,670,750,710
5/2/2017,60,1000,600,700,650
5/3/2017,54,1000,650,725,690
5/4/2017,58,1000,640,700,670
5/5/2017,60,1000,600,700,650
5/6/2017,55,1000,650,750,700
5/7/2017,,,,,
5/8/2017,50,1000,680,800,740
5/9/2017,54,1000,650,750,700
5/10/2017,,,,,
5/11/2017,60,1000,600,700,650
5/12/2017,63,1000,620,700,660
5/13/2017,58,1000,640,720,680
5/14/2017,,,,,
5/15/2017,50,1400,800,1000,900
5/16/2017,46,1400,900,1100,1000
5/17/2017,45,1400,1000,1200,1100
5/18/2017,40,1500,1075,1275,1175
5/19/2017,36,1600,1200,1400,1300
5/20/2017,42,1600,1100,1300,1200
5/21/2017,,,,,
5/22/2017,43,1600,1050,1300,1150
5/23/2017,41,1600,1100,1400,1200
5/24/2017,53,1600,1000,1200,1100
5/25/2017,50,1600,1000,1300,1150
5/26/2017,52,1600,1050,1250,1150
5/27/2017,56,1600,1000,1200,1100
5/28/2017,,,,,
5/29/2017,59,1500,950,1150,1050
5/30/2017,65,1500,900,1100,1000
5/31/2017,52,1600,1000,1200,1100
11/1/2017,,,,,
11/2/2017,,,,,
11/3/2017,,,,,
11/4/2017,,,,,
11/5/2017,,,,,
11/6/2017,,,,,
11/7/2017,,,,,
11/8/2017,,,,,
11/9/2017,,,,,
11/10/2017,,,,,
11/11/2017,,,,,
11/12/2017,,,,,
11/13/2017,,,,,
11/14/2017,,,,,
11/15/2017,,,,,
11/16/2017,,,,,
11/17/2017,,,,,
11/18/2017,,,,,
11/19/2017,,,,,
11/20/2017,,,,,
11/21/2017,65,1800,1200,1500,1350
11/22/2017,68,1800,1250,1450,1350
11/23/2017,60,2000,1400,1600,1450
11/24/2017,67,2000,1400,1600,1500
11/25/2017,,,,,
11/26/2017,,,,,
11/27/2017,,,,,
11/28/2017,,,,,
11/29/2017,,,,,
11/30/2017,,,,,
11/30/2017,,,,,
12/1/2017,63,2000,1200,1600,1400
12/2/2017,65,2000,1300,1600,1450
12/3/2017,70,1900,1200,1500,1350
12/4/2017,,,,,
12/5/2017,68,2000,1200,1500,1350
12/6/2017,72,2000,1150,1450,1300
12/7/2017,70,2000,1200,1400,1300
12/8/2017,76,2000,1220,1400,1310
12/9/2017,80,1800,1150,1350,1250
12/10/2017,82,1800,1100,1300,1200
12/11/2017,,,,,
12/12/2017,,,,,
12/13/2017,85,1700,1100,1250,1175
12/14/2017,90,1800,1000,1250,1125
12/15/2017,78,1800,1200,1400,1300
12/16/2017,72,1700,1150,1350,1250
12/17/2017,65,1800,1200,1400,1300
12/18/2017,,,,,
12/19/2017,70,1800,1100,1400,1250
12/20/2017,60,1800,1200,1500,1350
12/21/2017,65,1800,1200,1400,1300
12/22/2017,63,1700,1150,1400,1275
12/23/2017,67,1600,1000,1400,1200
12/24/2017,70,1600,1000,1300,1150
12/25/2017,,,,,
12/26/2017,75,1500,900,1200,1050
12/27/2017,80,1500,900,1000,950
12/28/2017,67,1500,950,1050,1000
12/29/2017,65,1500,900,1100,1000
12/30/2017,70,1300,850,1000,925
12/31/2017,63,1300,900,1000,950
1/1/2018,48,2800,1500,2000,1800
1/2/2018,56,2000,1300,1600,1450
1/3/2018,62,2000,1200,1500,1350
1/4/2018,60,2000,1300,1600,1450
1/5/2018,67,2000,1250,1450,1350
1/6/2018,50,2800,1600,2000,1800
1/7/2018,,,,,
1/8/2018,60,2000,1400,1700,1550
1/9/2018,65,2000,1200,1600,1400
1/10/2018,63,2000,1300,1600,1450
1/11/2018,70,2000,1300,1500,1400
1/12/2018,68,1800,1250,1450,1350
1/13/2018,75,1800,1100,1300,1200
1/14/2018,,,,,
1/15/2018,63,2000,1300,1500,1400
1/16/2018,70,1800,1200,1400,1300
1/17/2018,71,1800,1250,1400,1325
1/18/2018,72,1800,1200,1400,1300
1/19/2018,63,1800,1200,1500,1350
1/20/2018,65,1800,1200,1400,1300
1/21/2018,,,,,
1/22/2018,70,1700,1150,1350,1250
1/23/2018,76,1700,1100,1300,1200
1/24/2018,68,2000,1200,1500,1350
1/25/2018,70,2000,1300,1500,1400
1/26/2018,,,,,
1/27/2018,75,2000,1250,1450,1350
1/28/2018,,,,,
1/29/2018,80,1800,1200,1400,1300
1/30/2018,86,1600,1100,1300,1200
1/31/2018,82,1600,1150,1350,1250
2/1/2018,80,1800,1000,1400,1200
2/2/2018,83,1600,1200,1300,1200
2/3/2018,90,1500,1000,1200,1100
2/4/2018,,,,,
2/5/2018,80,1500,900,1200,1050
2/6/2018,75,1500,1000,1250,1125
2/7/2018,68,1600,1000,1300,1150
2/8/2018,56,1500,1000,1250,1125
2/9/2018,52,1500,1100,1300,1200
2/10/2018,60,1500,900,1200,1050
2/11/2018,,,,,
2/12/2018,63,1500,950,1150,1050
2/13/2018,70,1500,800,1000,900
2/14/2018,,,,,
2/15/2018,52,1700,1000,1200,1100
2/16/2018,55,1600,900,1200,1050
2/17/2018,60,1500,800,1100,950
2/18/2018,,,,,
2/19/2018,52,1500,900,1200,1050
2/20/2018,56,1500,850,1100,1025
2/21/2018,50,1600,1000,1200,1100
2/22/2018,48,1800,1100,1400,1250
2/23/2018,50,1800,1050,1350,1250
2/24/2018,56,1700,1000,1300,1150
2/25/2018,,,,,
2/26/2018,60,1800,1100,1300,1200
2/27/2018,65,1600,1000,1200,1100
2/28/2018,58,1500,1100,1200,1200
2/28/2018,,,,,
2/28/2018,,,,,
2/28/2018,,,,,
3/1/2018,53,1600,1100,1300,1200
3/2/2018,,,,,
3/3/2018,60,1500,1000,1200,1100
3/4/2018,,,,,
3/5/2018,65,1500,800,1100,950
3/6/2018,62,1500,900,1100,1000
3/7/2018,65,1400,800,1000,900
3/8/2018,60,1400,850,1000,925
3/9/2018,58,1400,800,1000,900
3/10/2018,55,1400,820,1000,910
3/11/2018,,,,,
3/12/2018,62,1300,800,900,850
3/13/2018,50,1400,900,1000,950
3/14/2018,53,1300,850,1000,925
3/15/2018,48,1300,900,1000,950
3/16/2018,50,1200,800,900,850
3/17/2018,47,1200,820,900,860
3/18/2018,,,,,
3/19/2018,45,1400,900,1000,950
3/20/2018,40,1600,925,1075,1000
3/21/2018,48,1700,1000,1200,1100
3/22/2018,45,1800,1100,1300,1200
3/23/2018,40,1800,1000,1400,1200
3/24/2018,38,1800,1100,1500,1300
3/25/2018,,,,,
3/26/2018,35,2000,1400,1600,1500
3/27/2018,32,2200,1200,1700,1450
3/28/2018,29,2200,1450,1850,1650
3/29/2018,,,,,
3/30/2018,,,,,
3/31/2018,36,2000,1300,1600,1450
4/1/2018,,,,,
4/2/2018,40,2000,1200,1500,1350
4/3/2018,38,2000,1300,1600,1450
4/4/2018,40,1800,1300,1500,1400
4/5/2018,45,1700,1200,1400,1300
4/6/2018,42,1800,1100,1400,1250
4/7/2018,40,1800,1200,1400,1300
4/8/2018,,,,,
4/9/2018,45,1800,1200,1350,1275
4/10/2018,38,1800,1250,1400,1325
4/11/2018,40,1800,1200,1400,1300
4/12/2018,36,1800,1250,1450,1350
4/13/2018,32,1800,1300,1500,1400
4/14/2018,,,,,
4/15/2018,,,,,
4/16/2018,40,1600,1000,1200,1100
4/17/2018,50,1400,900,1000,950
4/18/2018,48,1400,950,1050,1000
4/19/2018,52,1400,900,1000,950
4/20/2018,60,1400,850,950,900
4/21/2018,65,1300,800,900,850
4/22/2018,,,,,
4/23/2018,62,1300,840,920,880
4/24/2018,60,1400,800,950,875
4/25/2018,70,1200,750,900,825
4/26/2018,75,1000,700,800,750
4/27/2018,80,900,550,700,625
4/28/2018,,,,,
4/29/2018,,,,,
4/30/2018,,,,,
4/30/2018,,,,,
5/1/2018,75,900,600,680,640
5/2/2018,70,1000,620,700,660
5/3/2018,65,900,580,680,630
5/4/2018,68,900,600,685,642
5/5/2018,70,900,570,650,610
5/6/2018,,,,,
5/7/2018,65,900,580,660,620
5/8/2018,68,800,550,650,600
5/9/2018,70,800,540,600,570
5/10/2018,75,800,520,600,560
5/11/2018,72,800,540,620,580
5/12/2018,68,800,500,600,550
5/13/2018,,,,,
5/14/2018,65,1000,900,1000,950
5/15/2018,67,1000,700,900,800
5/16/2018,66,1000,800,1000,900
5/17/2018,67,1000,900,1000,950
5/18/2018,66,1200,900,1100,1000
5/19/2018,65,1200,800,1000,900
5/20/2018,,,,,
5/21/2018,60,1300,900,1050,975
5/22/2018,68,1200,900,1000,950
5/23/2018,65,1400,940,1000,970
5/24/2018,72,1300,800,950,875
5/25/2018,75,1200,820,900,860
5/26/2018,68,1400,850,950,900
5/27/2018,,,,,
5/28/2018,60,1400,900,1000,950
5/29/2018,65,1300,900,980,940
5/30/2018,58,1400,920,1000,960
5/31/2018,52,1500,950,1050,1000
12/1/2018,50,1600,1050,1250,1150
12/2/2018,,,,,
12/3/2018,56,1600,1000,1200,1100
12/4/2018,42,1700,1200,1400,1300
12/5/2018,50,1600,1150,1350,1250
12/6/2018,48,1800,1200,1400,1300
12/7/2018,46,1800,1300,1400,1350
12/8/2018,50,1700,1250,1350,1300
12/9/2018,,,,,
12/10/2018,45,1800,1200,1400,1300
12/11/2018,48,1800,1225,1375,1300
12/12/2018,60,1700,1150,1350,1250
12/13/2018,50,1800,1200,1400,1300
12/14/2018,62,1800,1100,1300,1200
12/15/2018,65,1500,1000,1200,1100
12/16/2018,,,,,
12/17/2018,70,1400,900,1200,1050
12/18/2018,82,1300,800,1000,900
12/19/2018,75,1300,850,1000,925
12/20/2018,70,1300,900,1000,950
12/21/2018,63,1400,940,1000,970
12/22/2018,58,1400,950,1050,1000
12/23/2018,,,,,
12/24/2018,64,1200,700,800,750
12/25/2018,,,,,
12/26/2018,62,1200,700,950,825
12/27/2018,70,1200,740,900,820
12/28/2018,65,1200,825,925,875
12/29/2018,60,1200,850,950,900
12/30/2018,,,,,
12/31/2018,49,1600,1000,1200,1100
1/1/2019,39,2000,1350,1550,1450
1/2/2019,45,2000,1300,1500,1400
1/3/2019,45,2000,1300,1500,1400
1/4/2019,53,1800,1250,1450,1350
1/5/2019,56,1700,1200,1400,1300
1/6/2019,,,,,
1/7/2019,50,1800,1300,1500,1400
1/8/2019,48,1800,1350,1550,1450
1/9/2019,52,1800,1400,1500,1450
1/10/2019,54,1800,1300,1500,1400
1/11/2019,55,1800,1200,1400,1300
1/12/2019,60,1700,1250,1450,1350
1/13/2019,,,,,
1/14/2019,62,1700,1200,1400,1300
1/15/2019,65,1700,1100,1400,1250
1/16/2019,68,1600,1100,1350,1225
1/17/2019,72,1600,1000,1300,1150
1/18/2019,65,1600,1000,1350,1175
1/19/2019,68,1600,1100,1300,1200
1/20/2019,,,,,
1/21/2019,60,1700,1150,1350,1250
1/22/2019,73,1400,900,1100,1000
1/23/2019,70,1400,950,1050,1000
1/24/2019,75,1300,900,1000,950
1/25/2019,70,1300,850,1000,925
1/26/2019,,,,,
1/27/2019,,,,,
1/28/2019,72,1300,800,1000,900
1/29/2019,68,1300,820,1000,910
1/30/2019,75,1200,800,950,875
1/31/2019,60,1300,850,1000,925
2/1/2019,55,1300,850,1000,925
2/2/2019,55,1300,850,1000,925
2/3/2019,,,,,
2/4/2019,52,1400,900,1100,1000
2/5/2019,47,1500,1000,1200,1100
2/6/2019,50,1500,975,1175,1075
2/7/2019,43,1700,1150,1300,1225
2/8/2019,46,1600,1100,1250,1175
2/9/2019,44,1700,1000,1400,1200
2/10/2019,,,,,
2/11/2019,52,1600,1100,1300,1200
2/12/2019,58,1600,1150,1350,1250
2/13/2019,53,1700,1100,1400,1250
2/14/2019,56,1700,1000,1400,1200
2/15/2019,59,1600,1050,1350,1200
2/16/2019,65,1500,1000,1200,1100
2/17/2019,,,,,
2/18/2019,70,1500,900,1200,1050
2/19/2019,68,1500,950,1250,1100
2/20/2019,72,1500,900,1200,1050
2/21/2019,65,1600,900,1250,1075
2/22/2019,60,1600,950,1300,1125
2/23/2019,62,1600,975,1275,1125
2/24/2019,,,,,
2/25/2019,58,1700,1000,1300,1150
2/26/2019,60,1600,950,1280,1115
2/27/2019,50,1700,1000,1300,1150
2/28/2019,48,1700,1150,1350,1250
2/28/2019,,,,,
2/28/2019,,,,,
2/28/2019,,,,,
3/1/2019,46,1700,1150,1350,1250
3/2/2019,50,1700,1000,1300,1150
3/3/2019,,,,,
3/4/2019,,,,,
3/5/2019,40,2200,1500,1800,1650
3/6/2019,39,2400,1600,2000,1800
3/7/2019,37,2500,1700,2300,2000
3/8/2019,48,2300,1500,2000,1750
3/9/2019,,,,,
3/10/2019,,,,,
3/11/2019,38,2800,2000,2500,2250
3/12/2019,42,2500,1850,2250,2050
3/13/2019,44,2300,1600,2200,1900
3/14/2019,44,2500,1600,2200,1900
3/15/2019,48,2400,1400,2000,1700
3/16/2019,50,2500,1300,1800,1550
3/17/2019,,,,,
3/18/2019,52,2300,1250,1750,1500
3/19/2019,50,2400,1400,1800,1600
3/20/2019,47,2500,1500,1800,1650
3/21/2019,,,,,
3/22/2019,24,2000,1000,1500,1250
3/23/2019,,,,,
3/24/2019,,,,,
3/25/2019,37,2400,1300,1700,1500
3/26/2019,35,2400,1200,1800,1500
3/27/2019,38,2400,1250,1750,1500
3/28/2019,40,2200,1300,1700,1500
3/29/2019,47,2200,1200,1600,1400
3/30/2019,41,2300,1400,2000,1700
3/31/2019,,,,,
4/1/2019,35,2800,1800,2400,2100
4/2/2019,36,2400,1600,2000,1800
4/3/2019,45,2200,1450,1800,1625
4/4/2019,42,2200,1400,1850,1625
4/5/2019,43,2200,1400,1800,1600
4/6/2019,46,2000,1300,1600,1450
4/7/2019,,,,,
4/8/2019,50,2000,1350,1650,1500
4/9/2019,53,1800,1200,1600,1400
4/10/2019,48,1900,1375,1675,1525
4/11/2019,40,2200,1500,1800,1650
4/12/2019,50,2000,1450,1750,1600
4/13/2019,56,2000,1425,1675,1550
4/14/2019,,,,,
4/15/2019,58,2000,1300,1600,1450
4/16/2019,54,2000,1200,1600,1400
4/17/2019,,,,,
4/18/2019,50,2200,1350,1750,1550
4/19/2019,,,,,
4/20/2019,60,2200,1325,1675,1500
4/21/2019,,,,,
4/22/2019,70,2000,1200,1600,1400
4/23/2019,75,2000,1250,1550,1400
4/24/2019,68,2000,1200,1500,1350
4/25/2019,65,2000,1200,1600,1400
4/26/2019,60,2000,1300,1600,1450
4/27/2019,70,2000,1250,1750,1500
4/28/2019,,,,,
4/29/2019,65,2500,1600,2000,1800
4/30/2019,50,3000,1800,2400,2100
4/30/2019,,,,,
5/1/2019,36,3600,2000,2500,2250
5/2/2019,,,,,
5/3/2019,,,,,
5/4/2019,35,3800,2300,2900,2600
5/5/2019,,,,,
5/6/2019,,,,,
5/7/2019,38,3800,2400,3000,2700
5/8/2019,42,3800,2350,2900,2625
5/9/2019,40,3800,2400,3000,2700
5/10/2019,42,3800,2350,2900,2625
5/11/2019,40,3800,2600,3200,2900
5/12/2019,,,,,
5/13/2019,43,3800,2500,3000,2750
5/14/2019,45,3600,2400,2900,2650
5/15/2019,50,3500,2400,2800,2600
5/16/2019,47,3600,2500,3000,2700
5/17/2019,49,3500,2375,2875,2625
5/18/2019,,,,,
5/19/2019,,,,,
5/20/2019,37,4000,3000,3500,3250
5/21/2019,32,4000,3200,3600,3400
5/22/2019,30,4500,3000,3800,3400
5/23/2019,35,4500,3000,3500,3250
5/24/2019,32,4600,3200,3600,3400
5/25/2019,36,4500,3000,3500,3250
5/26/2019,,,,,
5/27/2019,34,5000,3400,3800,3600
5/28/2019,35,4800,3200,3600,3400
5/29/2019,32,4800,3300,3700,3500
5/30/2019,29,5000,3600,4000,3800
5/31/2019,29,5000,3500,4000,3800
12/1/2019,,,,,
12/2/2019,50,3000,1700,2300,2050
12/3/2019,60,3000,1800,2200,2000
12/4/2019,56,3000,1800,2400,2200
12/5/2019,65,3500,1650,2250,1800
12/6/2019,65,2500,1600,2000,1800
12/7/2019,,,,,
12/8/2019,,,,,
12/9/2019,75,2000,1350,1750,1550
12/10/2019,80,2000,1375,1675,1525
12/11/2019,83,1800,1300,1600,1450
12/12/2019,78,1800,1250,1450,1350
12/13/2019,72,1800,1300,1500,1400
12/14/2019,75,1800,1200,1500,1350
12/15/2019,,,,,
12/16/2019,63,2000,1300,1600,1450
12/17/2019,68,2000,1200,1500,1350
12/18/2019,73,1800,1000,1400,1200
12/19/2019,67,1800,1200,1500,1350
12/20/2019,70,1800,1200,1400,1300
12/21/2019,68,1800,1100,1450,1300
12/22/2019,,,,,
12/23/2019,68,1800,1150,1450,1300
12/24/2019,65,1800,1200,1400,1300
12/25/2019,,,,,
12/26/2019,69,1600,1100,1300,1200
12/27/2019,78,1500,1000,1200,1100
12/28/2019,78,1500,1000,1200,1100
12/29/2019,,,,,
12/30/2019,65,1600,1150,1350,1250
12/31/2019,62,1600,1200,1400,1300
1/1/2020,40,1600,1000,1300,1150
1/2/2020,38,1700,1100,1400,1250
1/3/2020,45,1600,1000,1300,1150
1/4/2020,56,2000,1300,1500,1400
1/5/2020,,,,,
1/6/2020,48,2000,1400,1600,1500
1/7/2020,43,2400,1350,1650,1500
1/8/2020,40,2500,1500,2000,1750
1/9/2020,38,2800,1600,2200,1900
1/10/2020,42,2800,1650,2150,1900
1/11/2020,46,2600,1600,2000,1800
1/12/2020,,,,,
1/13/2020,48,2500,1500,2000,1750
1/14/2020,45,2600,1800,2200,2000
1/15/2020,50,2500,1750,2150,1950
1/16/2020,68,2000,1300,1800,1550
1/17/2020,70,2000,1300,1600,1450
1/18/2020,60,2500,1200,1500,1350
1/19/2020,,,,,
1/20/2020,60,2500,1500,1800,1650
1/21/2020,68,2200,1400,1600,1500
1/22/2020,63,2000,1450,1750,1650
1/23/2020,72,2000,1300,1700,1500
1/24/2020,80,2000,1250,1600,1425
1/25/2020,83,1800,1200,1500,1350
1/26/2020,,,,,
1/27/2020,90,1800,1300,1500,1400
1/28/2020,82,1800,1250,1550,1400
1/29/2020,85,1800,1300,1500,1350
1/30/2020,85,1800,1200,1500,1350
1/31/2020,87,1800,1150,1450,1300
2/1/2020,53,2200,1300,1800,1550
2/2/2020,,,,,
2/3/2020,60,2000,1200,1600,1400
2/4/2020,58,2000,1250,1650,1450
2/5/2020,65,2000,1200,1500,1350
2/6/2020,67,2000,1150,1450,1300
2/7/2020,70,2000,1100,1500,1300
2/8/2020,,,,,
2/9/2020,,,,,
2/10/2020,80,1800,1200,1400,1300
2/11/2020,70,2500,1500,1800,1650
2/12/2020,70,2500,1400,1700,1650
2/13/2020,75,2500,1450,1750,1600
2/14/2020,72,2500,1450,1850,1650
2/15/2020,78,2500,1400,1800,1600
2/16/2020,,,,,
2/17/2020,60,2600,1600,2000,1800
2/18/2020,58,2800,1500,2000,1750
2/19/2020,50,2800,1800,2200,2000
2/20/2020,54,2800,1600,2000,1800
2/21/2020,58,2600,1500,2000,1750
2/22/2020,63,2500,1450,1950,1700
2/23/2020,,,,,
2/24/2020,70,2300,1400,1800,1600
2/25/2020,67,2400,1475,1825,1650
2/26/2020,70,2000,1450,1750,1600
2/27/2020,75,2000,1350,1650,1500
2/28/2020,68,2000,1400,1700,1550
2/29/2020,70,2000,1300,1700,1500
2/29/2020,,,,,
2/29/2020,,,,,
3/1/2020,,,,,
3/2/2020,13,2000,1300,1500,1400
3/3/2020,57,2000,1350,1600,1475
3/4/2020,55,2000,1400,1600,1500
3/5/2020,60,2000,1300,1570,1400
3/6/2020,75,2000,1250,1500,1350
3/7/2020,75,2000,1250,1500,1350
3/8/2020,,,,,
3/9/2020,65,2000,1300,1500,1400
3/10/2020,,,,,
3/11/2020,40,2000,1100,1400,1250
3/12/2020,50,2000,1200,1450,1300
3/13/2020,50,2000,1200,1500,1350
3/14/2020,54,1800,1150,1450,1300
3/15/2020,,,,,
3/16/2020,48,2000,1200,1500,1350
3/17/2020,53,2000,1300,1600,1450
3/18/2020,60,1800,1200,1500,1350
3/19/2020,66,1800,1150,1450,1300
3/20/2020,65,1600,1100,1350,1250
3/21/2020,65,1600,1000,1300,1200
3/22/2020,,,,,
3/23/2020,,,,,
3/24/2020,,,,,
3/25/2020,,,,,
3/26/2020,,,,,
3/27/2020,,,,,
3/28/2020,,,,,
3/29/2020,,,,,
3/30/2020,,,,,
3/31/2020,,,,,
12/1/2020,,,,,
12/2/2020,,,,,
12/3/2020,,,,,
12/4/2020,,,,,
12/5/2020,,,,,
12/6/2020,,,,,
12/7/2020,,,,,
12/8/2020,,,,,
12/9/2020,,,,,
12/10/2020,,,,,
12/11/2020,,,,,
12/12/2020,,,,,
12/13/2020,,,,,
12/14/2020,,,,,
12/15/2020,,,,,
12/16/2020,,,,,
12/17/2020,,,,,
12/18/2020,56,3000,2000,2400,2200
12/19/2020,65,3000,1800,2200,2000
12/20/2020,,,,,
12/21/2020,70,2500,1400,2000,1700
12/22/2020,75,2500,1200,1800,1500
12/23/2020,80,2500,1100,1700,1400
12/24/2020,85,2000,1200,1500,1350
12/25/2020,,,,,
12/26/2020,60,2500,1600,2000,1800
12/27/2020,,,,,
12/28/2020,70,2500,1500,1800,1650
12/29/2020,56,2800,1800,2200,2000
12/30/2020,39,3000,2000,2500,2250
12/31/2020,40,3000,2150,2450,2300
1/1/2021,40,3000,2150,2450,2300
1/2/2021,48,3000,2050,2350,2200
1/3/2021,,,,,
1/4/2021,43,3000,2200,2400,2300
1/5/2021,45,3000,2000,2400,2200
1/6/2021,40,3000,2000,2500,2250
1/7/2021,46,2800,1800,2300,2050
1/8/2021,48,2600,1800,2200,2000
1/9/2021,50,2400,1600,2000,1800
1/10/2021,,,,,
1/11/2021,52,2200,1500,1800,1650
1/12/2021,65,2000,1400,1600,1500
1/13/2021,60,2000,1400,1700,1550
1/14/2021,68,1800,1200,1500,1350
1/15/2021,62,2600,1200,1600,1400
1/16/2021,70,2000,1300,1500,1400
1/17/2021,,,,,
1/18/2021,80,1800,1150,1450,1300
1/19/2021,72,1800,1100,1400,1250
1/20/2021,75,1600,1000,1400,1200
1/21/2021,70,2000,1100,1500,1300
1/22/2021,68,2000,1200,1500,1350
1/23/2021,68,2000,1200,1500,1350
1/24/2021,,,,,
1/25/2021,63,2200,1300,1800,1550
1/26/2021,,,,,
1/27/2021,56,2500,1400,2000,1700
1/28/2021,60,2500,1450,1850,1650
1/29/2021,70,2000,1425,1750,1580
1/30/2021,70,2000,1425,1750,1580
1/31/2021,,,,,
2/1/2021,48,2500,1600,2200,1900
2/2/2021,52,2500,1400,2000,1700
2/3/2021,60,2500,1500,2000,1750
2/4/2021,65,2200,1450,1850,1600
2/5/2021,75,2000,1350,1750,1650
2/6/2021,75,2000,1350,1750,1650
2/7/2021,,,,,
2/8/2021,80,2000,1350,1650,1500
2/9/2021,83,2000,1300,1500,1400
2/10/2021,72,2000,1400,1600,1500
2/11/2021,68,2000,1425,1675,1550
2/12/2021,65,2000,1400,1700,1550
2/13/2021,70,2000,1300,1600,1450
2/14/2021,,,,,
2/15/2021,73,2000,1350,1550,1450
2/16/2021,65,2500,1400,1750,1575
2/17/2021,70,2000,1200,1600,1400
2/18/2021,63,2000,1300,1700,1500
2/19/2021,72,1600,1000,1200,1100
2/20/2021,72,1600,1000,1200,1100
2/21/2021,,,,,
2/22/2021,80,1500,950,1150,1050
2/23/2021,86,1300,800,1000,900
2/24/2021,78,1200,850,1000,925
2/25/2021,80,1000,800,950,850
2/26/2021,85,1000,820,900,860
2/27/2021,90,1000,800,900,850
2/28/2021,,,,,
2/28/2021,,,,,
2/28/2021,,,,,
2/28/2021,,,,,
3/1/2021,78,1200,800,1000,900
3/2/2021,80,1200,750,900,825
3/3/2021,85,1000,750,850,800
3/4/2021,87,1000,700,800,750
3/5/2021,82,1000,650,800,725
3/6/2021,86,1000,650,780,715
3/7/2021,,,,,
3/8/2021,90,900,630,750,690
3/9/2021,85,800,640,700,670
3/10/2021,100,800,600,700,650
3/11/2021,100,900,580,660,620
3/12/2021,92,900,600,680,640
3/13/2021,100,900,580,660,620
3/14/2021,,,,,
3/15/2021,90,900,600,700,650
3/16/2021,82,1000,650,750,700
3/17/2021,78,1000,640,700,670
3/18/2021,75,1000,620,680,660
3/19/2021,80,1000,600,680,640
3/20/2021,76,1000,630,690,660
3/21/2021,,,,,
3/22/2021,68,1200,625,875,750
3/23/2021,68,1200,625,875,750
3/24/2021,75,1200,700,850,775
3/25/2021,70,1300,800,1000,900
3/26/2021,67,1400,800,1200,1000
3/27/2021,73,1300,750,1000,875
3/28/2021,,,,,
3/29/2021,,,,,
3/30/2021,30,1400,800,1000,900
3/31/2021,38,1500,900,1200,1050
4/1/2021,35,1600,1000,1400,1200
4/2/2021,,,,,
4/3/2021,38,1800,1300,1500,1400
4/4/2021,,,,,
4/5/2021,36,2000,1350,1650,1500
4/6/2021,45,1800,1200,1500,1350
4/7/2021,58,1600,1000,1400,1200
4/8/2021,64,1500,900,1300,1100
4/9/2021,58,1800,1050,1450,1250
4/10/2021,53,1800,1200,1500,1350
4/11/2021,,,,,
4/12/2021,60,1800,1200,1600,1400
4/13/2021,,,,,
4/14/2021,,,,,
4/15/2021,55,1800,1200,1500,1350
4/16/2021,62,1800,1000,1400,1200
4/17/2021,58,1800,1200,1400,1300
4/18/2021,,,,,
4/19/2021,57,1000,700,850,750
4/20/2021,57,1000,700,850,750
4/21/2021,,,,,
4/22/2021,48,1000,600,700,650
4/23/2021,62,1000,640,700,670
4/24/2021,,,,,
4/25/2021,,,,,
4/26/2021,59,1000,700,800,750
4/27/2021,,,,,
4/28/2021,,,,,
4/29/2021,,,,,
4/30/2021,,,,,
4/30/2021,,,,,
12/1/2021,,,,,
12/2/2021,,,,,
12/3/2021,,,,,
12/4/2021,,,,,
12/5/2021,,,,,
12/6/2021,,,,,
12/7/2021,,,,,
12/8/2021,,,,,
12/9/2021,,,,,
12/10/2021,,,,,
12/11/2021,,,,,
12/12/2021,,,,,
12/13/2021,50,4500,3400,3800,3600
12/14/2021,54,4000,2800,3500,3150
12/15/2021,58,4000,2600,3200,2900
12/16/2021,56,4000,2500,3000,2750
12/17/2021,60,4000,2600,3000,2800
12/18/2021,68,4000,2300,2800,2550
12/19/2021,,,,,
12/20/2021,70,3500,2200,2500,2350
12/21/2021,65,3800,2250,2550,2400
12/22/2021,68,3500,2000,2500,2250
12/23/2021,72,3500,2000,2450,2225
12/24/2021,62,3000,1800,2200,2000
12/25/2021,,,,,
12/26/2021,,,,,
12/27/2021,65,3000,1600,2000,1800
12/28/2021,70,3000,1500,2000,1750
12/29/2021,60,3000,1650,2150,1900
12/30/2021,56,3000,1700,2200,1950
12/31/2021,48,3500,1700,2300,2050
1/1/2022,36,3500,2400,2800,2600
1/2/2022,,,,,
1/3/2022,32,4000,2500,3000,2750
1/4/2022,35,3000,2200,2600,2400
1/5/2022,40,2800,1800,2200,2000
1/6/2022,45,2500,1600,2000,1800
1/7/2022,48,2500,1500,2000,1750
1/8/2022,52,2200,1400,1700,1550
1/9/2022,,,,,
1/10/2022,38,2500,1600,2000,1800
1/11/2022,46,2500,1500,1800,1650
1/12/2022,50,2000,1200,1600,1400
1/13/2022,53,2000,1300,1500,1400
1/14/2022,60,1800,1200,1400,1300
1/15/2022,68,1600,1000,1200,1100
1/16/2022,,,,,
1/17/2022,70,1500,900,1100,1000
1/18/2022,65,1500,950,1150,1050
1/19/2022,78,1500,875,1075,975
1/20/2022,80,1200,850,950,900
1/21/2022,87,1200,800,900,850
1/22/2022,87,1200,825,945,885
1/23/2022,,,,,
1/24/2022,70,1400,850,1000,925
1/25/2022,75,1400,800,1000,900
1/26/2022,,,,,
1/27/2022,67,1500,900,1100,1000
1/28/2022,60,1500,950,1250,1100
1/29/2022,65,1500,1000,1200,1100
1/30/2022,,,,,
1/31/2022,72,1500,900,1200,1050
2/1/2022,68,1800,1000,1400,1200
2/2/2022,62,1800,1200,1500,1350
2/3/2022,,,,,
2/4/2022,60,2000,1250,1450,1350
2/5/2022,62,2000,1300,1500,1400
2/6/2022,,,,,
2/7/2022,62,2000,1300,1500,1400
2/8/2022,60,2000,1250,1450,1350
2/9/2022,54,2000,1200,1500,1350
2/10/2022,50,2000,1300,1500,1400
2/11/2022,56,1800,1150,1450,1300
2/12/2022,62,1800,1000,1400,1200
2/13/2022,,,,,
2/14/2022,62,1800,1000,1400,1200
2/15/2022,50,2000,1200,1600,1400
2/16/2022,60,2000,1350,1550,1450
2/17/2022,95,2500,1575,1875,1725
2/18/2022,70,2000,1300,1500,1400
2/19/2022,76,2000,1150,1450,1300
2/20/2022,,,,,
2/21/2022,72,2000,1300,1500,1400
2/22/2022,80,2000,1200,1400,1300
2/23/2022,,,,,
2/24/2022,70,2000,1350,1500,1425
2/25/2022,65,2200,1350,1650,1500
2/26/2022,60,2200,1400,1700,1550
2/27/2022,,,,,
2/28/2022,57,2300,1500,1800,1650
2/28/2022,,,,,
2/28/2022,,,,,
2/28/2022,,,,,
3/1/2022,,,,,
3/2/2022,60,2500,1600,2000,1800
3/3/2022,65,2000,1200,1600,1400
3/4/2022,70,1500,1100,1400,1250
3/5/2022,75,1500,1000,1300,1150
3/6/2022,,,,,
3/7/2022,75,1500,1000,1300,1150
3/8/2022,65,1600,1175,1375,1275
3/9/2022,68,1800,1150,1450,1300
3/10/2022,62,1800,1200,1500,1350
3/11/2022,65,1600,1200,1400,1300
3/12/2022,76,1600,1100,1380,1240
3/13/2022,,,,,
3/14/2022,68,1800,1150,1450,1300
3/15/2022,65,2000,1200,1500,1350
3/16/2022,60,2000,1350,1650,1450
3/17/2022,55,2000,1400,1700,1550
3/18/2022,,,,,
3/19/2022,55,2000,1400,1700,1550
3/20/2022,,,,,
3/21/2022,50,2500,1500,2000,1750
3/22/2022,48,2500,1600,1900,1750
3/23/2022,56,2000,1550,1850,1650
3/24/2022,45,2500,1575,1925,1750
3/25/2022,50,2300,1400,1800,1600
3/26/2022,47,2500,1450,1850,1650
3/27/2022,,,,,
3/28/2022,48,2500,1500,1900,1700
3/29/2022,45,2500,1400,1800,1600
3/30/2022,40,2500,1375,1875,1625
3/31/2022,47,2500,1275,1825,1550
4/1/2022,56,2500,1400,1800,1600
4/2/2022,50,2500,1500,2000,1750
4/3/2022,,,,,
4/4/2022,58,2500,1400,1900,1650
4/5/2022,55,2500,1450,2000,1725
4/6/2022,60,2500,1500,1850,1675
4/7/2022,68,2500,1500,1800,1650
4/8/2022,56,2500,1600,2000,1800
4/9/2022,50,2800,1700,2300,1800
4/10/2022,,,,,
4/11/2022,60,2800,1550,2150,1850
4/12/2022,65,2500,1500,2000,1750
4/13/2022,62,2500,1600,2000,1800
4/14/2022,,,,,
4/15/2022,,,,,
4/16/2022,66,2500,1575,1875,1725
4/17/2022,,,,,
4/18/2022,70,2500,1650,1850,1750
4/19/2022,60,2800,1800,2200,2000
4/20/2022,48,3000,2000,2500,2250
4/21/2022,20,2600,1900,2300,2100
4/22/2022,42,3000,2000,2400,2200
4/23/2022,45,3000,1975,2375,2175
4/24/2022,,,,,
4/25/2022,43,3000,1900,2400,2150
4/26/2022,40,3000,2000,2500,2250
4/27/2022,48,2200,1450,1850,1650
4/28/2022,45,2500,1600,2000,1800
4/29/2022,52,2000,1400,1600,1500
4/30/2022,56,2000,1300,1500,1400
4/30/2022,,,,,
5/1/2022,,,,,
5/2/2022,35,3000,1600,2200,1900
5/3/2022,,,,,
5/4/2022,30,3000,1800,2400,2100
5/5/2022,32,2500,1600,2000,1800
5/6/2022,36,2200,1400,1800,1600
5/7/2022,38,2000,1300,1600,1450
5/8/2022,,,,,
5/9/2022,45,2000,1300,1500,1400
5/10/2022,40,2000,1250,1550,1400
5/11/2022,42,2000,1400,1600,1500
5/12/2022,46,2000,1350,1550,1450
5/13/2022,50,2000,1300,1500,1400
5/14/2022,40,2000,1400,1650,1525
5/15/2022,,,,,
5/16/2022,,,,,
5/17/2022,47,2000,1400,1600,1500
5/18/2022,48,2800,1600,1950,1750
5/19/2022,35,3000,1800,2200,2000
5/20/2022,28,4000,2400,2850,2650
5/21/2022,35,4000,2275,2875,2575
5/22/2022,,,,,
5/23/2022,27,4500,3000,3500,3250
5/24/2022,23,5000,3500,4000,3750
5/25/2022,25,5000,3600,4000,3800
5/26/2022,22,5000,3800,4200,4000
5/27/2022,26,5000,3450,3850,3650
5/28/2022,28,5000,3400,3800,3600
5/29/2022,,,,,
5/30/2022,34,5000,3000,3500,3250
5/31/2022,37,5000,3000,3500,3250
12/1/2022,,,,,
12/2/2022,,,,,
12/3/2022,,,,,
12/4/2022,,,,,
12/5/2022,,,,,
12/6/2022,,,,,
12/7/2022,,,,,
12/8/2022,,,,,
12/9/2022,,,,,
12/10/2022,,,,,
12/11/2022,,,,,
12/12/2022,,,,,
12/13/2022,45,2000,1400,1800,1600
12/14/2022,50,2000,1300,1500,1400
12/15/2022,56,2000,1200,1500,1350
12/16/2022,60,2000,1200,1450,1325
12/17/2022,65,1800,1200,1400,1300
12/18/2022,,,,,
12/19/2022,54,1800,1275,1425,1350
12/20/2022,52,1800,1260,1460,1360
12/21/2022,90,1800,1240,1465,1365
12/22/2022,56,1800,1200,1400,1300
12/23/2022,52,1800,1300,1500,1400
12/24/2022,60,1800,1275,1475,1375
12/25/2022,,,,,
12/26/2022,70,1800,1200,1400,1300
12/27/2022,70,1800,1150,1350,1250
12/28/2022,75,1600,1100,1300,1200
12/29/2022,80,1500,1000,1200,1100
12/30/2022,76,1600,1050,1250,1150
12/31/2022,78,1600,1040,1200,1120
1/1/2023,,,,,
1/2/2023,50,1500,1050,1250,1150
1/3/2023,55,1500,1000,1200,1100
1/4/2023,60,1500,900,1200,1050
1/5/2023,67,1500,900,1000,950
1/6/2023,70,1500,900,1000,950
1/7/2023,62,1500,950,1100,1025
1/8/2023,,,,,
1/9/2023,58,1600,1150,1350,1250
1/10/2023,58,1600,1300,1500,1400
1/11/2023,60,2000,1200,1400,1300
1/12/2023,57,2000,1250,1450,1350
1/13/2023,59,2000,1300,1400,1350
1/14/2023,54,2000,1350,1500,1425
1/15/2023,,,,,
1/16/2023,60,2000,1250,1450,1350
1/17/2023,48,2000,1300,1500,1450
1/18/2023,48,2000,1350,1550,1450
1/19/2023,50,2000,1375,1525,1450
1/20/2023,42,2000,1400,1600,1500
1/21/2023,45,2000,1450,1550,1500
1/22/2023,,,,,
1/23/2023,50,1800,1200,1400,1300
1/24/2023,50,1800,1200,1400,1300
1/25/2023,,,,,
1/26/2023,,,,,
1/27/2023,48,1800,1275,1425,1350
1/28/2023,50,1500,1150,1350,1250
1/29/2023,,,,,
1/30/2023,53,1500,1100,1300,1200
1/31/2023,49,1600,1200,1400,1300
2/1/2023,54,1600,900,1100,1000
2/2/2023,60,1600,950,1250,1150
2/3/2023,57,1600,1000,1200,1100
2/4/2023,50,1800,1050,1350,1200
2/5/2023,,,,,
2/6/2023,55,1800,1000,1300,1150
2/7/2023,48,1800,1075,1375,1225
2/8/2023,46,1800,1200,1400,1300
2/9/2023,,,,,
2/10/2023,,,,,
2/11/2023,,,,,
2/12/2023,,,,,
2/13/2023,60,1600,1000,1200,1100
2/14/2023,67,1500,900,1100,1000
2/15/2023,70,1200,850,1050,950
2/16/2023,75,1200,800,1000,900
2/17/2023,76,1000,750,900,825
2/18/2023,78,1000,700,850,775
2/19/2023,,,,,
2/20/2023,78,1000,700,850,775
2/21/2023,85,1000,650,750,700
2/22/2023,90,800,500,600,550
2/23/2023,86,800,550,650,600
2/24/2023,85,800,500,600,550
2/25/2023,90,800,450,550,500
2/26/2023,,,,,
2/27/2023,84,800,475,575,525
2/28/2023,80,800,525,625,575
2/28/2023,,,,,
2/28/2023,,,,,
2/28/2023,,,,,
3/1/2023,68,1000,650,800,725
3/2/2023,58,1000,700,850,775
3/3/2023,54,1000,725,825,775
3/4/2023,50,1000,750,850,800
3/5/2023,,,,,
3/6/2023,53,1400,800,1000,900
3/7/2023,48,1500,1000,1200,1100
3/8/2023,,,,,
3/9/2023,30,2000,1400,1600,1500
3/10/2023,47,2000,1200,1500,1350
3/11/2023,56,1800,1200,1400,1300
3/12/2023,,,,,
3/13/2023,53,1800,1275,1475,1375
3/14/2023,60,1800,1250,1450,1350
3/15/2023,60,1800,1250,1450,1350
3/16/2023,65,1800,1200,1400,1300
3/17/2023,70,1800,1250,1350,1300
3/18/2023,62,1800,1275,1375,1325
3/19/2023,,,,,
3/20/2023,60,2000,1350,1450,1400
3/21/2023,54,2000,1400,1500,1450
3/22/2023,52,2000,1375,1575,1475
3/23/2023,55,2000,1350,1550,1450
3/24/2023,60,1800,1200,1500,1350
3/25/2023,56,1800,1300,1500,1400
3/26/2023,,,,,
3/27/2023,53,2800,1475,1575,1525
3/28/2023,50,2000,1500,1600,1550
3/29/2023,58,2000,1480,1580,1530
3/30/2023,,,,,
3/31/2023,62,2000,1450,1550,1500
4/1/2023,63,2000,1275,1475,1375
4/2/2023,,,,,
4/3/2023,56,2000,1300,1500,1400
4/4/2023,,,,,
4/5/2023,68,2000,1200,1400,1300
4/6/2023,52,2000,1340,1460,1400
4/7/2023,,,,,
4/8/2023,55,2000,1375,1475,1425
4/9/2023,,,,,
4/10/2023,55,2000,1375,1475,1425
4/11/2023,50,2000,1400,1500,1450
4/12/2023,52,2000,1350,1550,1450
4/13/2023,56,2000,1300,1500,1400
4/14/2023,,,,,
4/15/2023,60,2000,1250,1450,1350
4/16/2023,,,,,
4/17/2023,65,2000,1275,1475,1375
4/18/2023,53,2000,1350,1550,1450
4/19/2023,50,2000,1400,1600,1500
4/20/2023,58,1500,900,1200,1050
4/21/2023,69,1500,800,1000,900
4/22/2023,,,,,
4/23/2023,,,,,
4/24/2023,65,1600,925,1075,1000
4/25/2023,62,1600,1000,1200,1100
4/26/2023,55,1800,1000,1400,1200
4/27/2023,50,1800,1200,1500,1350
4/28/2023,,,,,
4/29/2023,59,1800,1100,1400,1250
4/30/2023,,,,,
4/30/2023,,,,,
5/1/2023,68,1800,700,1400,1150
5/2/2023,76,1600,850,1250,1050
5/3/2023,72,1600,1000,1300,1150
5/4/2023,,,,,
5/5/2023,,,,,
5/6/2023,65,1800,1200,1500,1350
5/7/2023,,,,,
5/8/2023,68,1800,1250,1450,1350
5/9/2023,62,1800,1375,1425,1400
5/10/2023,54,1800,1260,1480,1370
5/11/2023,50,2000,1300,1500,1400
5/12/2023,48,2000,1200,1600,1400
5/13/2023,,,,,
5/14/2023,,,,,
5/15/2023,54,2000,1300,1500,1400
5/16/2023,55,2000,1200,1500,1350
5/17/2023,50,2000,1250,1550,1400
5/18/2023,48,2000,1300,1600,1450
5/19/2023,48,2000,1275,1575,1425
5/20/2023,28,2000,1350,1550,1450
5/21/2023,,,,,
5/22/2023,58,2000,1375,1565,1500
5/23/2023,47,2000,1400,1600,1500
5/24/2023,50,2000,1350,1550,1450
5/25/2023,54,2000,1400,1500,1450
5/26/2023,52,2000,1425,1525,1475
5/27/2023,48,2000,1475,1575,1525
5/28/2023,,,,,
5/29/2023,50,2000,1400,1550,1475
5/30/2023,45,2000,1450,1600,1575
5/31/2023,47,2000,1425,1575,1500
6/1/2023,48,2000,1400,1600,1500
6/2/2023,52,2000,1350,1550,1450
6/3/2023,50,2000,1420,1580,1500
6/4/2023,,,,,
6/5/2023,47,2000,1475,1625,1550
6/6/2023,45,2000,1450,1650,1550
6/7/2023,40,2500,1600,1800,1700
6/8/2023,38,2800,1800,2000,1900
6/9/2023,36,3000,2000,2400,2200
6/10/2023,35,3000,2200,2500,2350
6/11/2023,,,,,
6/12/2023,37,3000,2050,2450,2250
6/13/2023,,,,,
6/14/2023,,,,,
6/15/2023,,,,,
6/16/2023,,,,,
6/17/2023,,,,,
6/18/2023,,,,,
6/19/2023,,,,,
6/20/2023,,,,,
6/21/2023,,,,,
6/22/2023,,,,,
6/23/2023,,,,,
6/24/2023,,,,,
6/25/2023,,,,,
6/26/2023,,,,,
6/27/2023,,,,,
6/28/2023,,,,,
6/29/2023,,,,,
6/30/2023,,,,,
6/30/2023,,,,,
